INSERT INTO `role` (`id`, `createdAt`, `updatedAt`, `code`, `name`) VALUES
(1, '2013-04-03 19:22:38', '2013-04-03 19:22:38', 'ROLE_SUPERADMIN', 'Süper Yönetici'),
(2, '2013-04-03 19:22:38', '2013-04-03 19:22:38', 'ROLE_ADMIN', 'Yönetici'),
(3, '2013-04-03 19:22:39', '2013-04-03 19:22:39', 'ROLE_USER', 'Kullanıcı'),
(4, '2013-04-03 19:22:37', '2013-04-03 19:22:37', 'ROLE_L1', 'Rol1'),
(5, '2013-04-03 19:22:37', '2013-04-03 19:22:37', 'ROLE_L2', 'Rol2'),
(6, '2013-04-03 19:22:38', '2013-04-03 19:22:38', 'ROLE_L3', 'Rol3'),
(7, '2013-04-03 19:22:38', '2013-04-03 19:22:38', 'ROLE_L4', 'Rol4'),
(8, '2013-04-03 19:22:38', '2013-04-03 19:22:38', 'ROLE_L5', 'Rol5');

INSERT INTO `region` (`id`, `createdAt`, `updatedAt`, `name`) VALUES
(1, '2013-04-03 19:22:36', '2013-04-03 19:22:36', 'İstanbul/Trakya'),
(2, '2013-04-03 19:22:36', '2013-04-03 19:22:36', 'Marmara'),
(3, '2013-04-03 19:22:36', '2013-04-03 19:22:36', 'Kuzey/Orta Anadolu'),
(4, '2013-04-03 19:22:36', '2013-04-03 19:22:36', 'Ege'),
(5, '2013-04-03 19:22:36', '2013-04-03 19:22:36', 'Doğu Akdeniz'),
(6, '2013-04-03 19:22:36', '2013-04-03 19:22:36', 'Güney/Orta Anadolu');

INSERT INTO `customer` (`id`, `createdAt`, `updatedAt`, `firstName`, `lastName`) VALUES
(1, '2013-04-03 19:22:38', '2013-04-03 19:22:38', 'Cem', 'ARIPD'),
(2, '2013-04-03 19:22:38', '2013-04-03 19:22:38', 'John', 'Doe'),
(3, '2013-04-03 19:22:38', '2013-04-03 19:22:38', 'Jane', 'Doe'),
(4, '2013-04-03 19:22:39', '2013-04-03 19:22:39', 'FirstName_0', 'LastName_0'),
(5, '2013-04-03 19:22:39', '2013-04-03 19:22:39', 'FirstName_1', 'LastName_1'),
(6, '2013-04-03 19:22:39', '2013-04-03 19:22:39', 'FirstName_2', 'LastName_2'),
(7, '2013-04-03 19:22:39', '2013-04-03 19:22:39', 'FirstName_3', 'LastName_3'),
(8, '2013-04-03 19:22:39', '2013-04-03 19:22:39', 'FirstName_4', 'LastName_4'),
(9, '2013-04-03 19:22:39', '2013-04-03 19:22:39', 'FirstName_5', 'LastName_5'),
(10, '2013-04-03 19:22:39', '2013-04-03 19:22:39', 'FirstName_6', 'LastName_6'),
(11, '2013-04-03 19:22:39', '2013-04-03 19:22:39', 'FirstName_7', 'LastName_7'),
(12, '2013-04-03 19:22:39', '2013-04-03 19:22:39', 'FirstName_8', 'LastName_8'),
(13, '2013-04-03 19:22:39', '2013-04-03 19:22:39', 'FirstName_9', 'LastName_9'),
(14, '2013-04-03 19:22:39', '2013-04-03 19:22:39', 'FirstName_10', 'LastName_10'),
(15, '2013-04-03 19:22:39', '2013-04-03 19:22:39', 'FirstName_11', 'LastName_11'),
(16, '2013-04-03 19:22:39', '2013-04-03 19:22:39', 'FirstName_12', 'LastName_12'),
(17, '2013-04-03 19:22:39', '2013-04-03 19:22:39', 'FirstName_13', 'LastName_13'),
(18, '2013-04-03 19:22:39', '2013-04-03 19:22:39', 'FirstName_14', 'LastName_14'),
(19, '2013-04-03 19:22:39', '2013-04-03 19:22:39', 'FirstName_15', 'LastName_15'),
(20, '2013-04-03 19:22:39', '2013-04-03 19:22:39', 'FirstName_16', 'LastName_16'),
(21, '2013-04-03 19:22:39', '2013-04-03 19:22:39', 'FirstName_17', 'LastName_17'),
(22, '2013-04-03 19:22:39', '2013-04-03 19:22:39', 'FirstName_18', 'LastName_18'),
(23, '2013-04-03 19:22:39', '2013-04-03 19:22:39', 'FirstName_19', 'LastName_19'),
(24, '2013-04-03 19:22:39', '2013-04-03 19:22:39', 'FirstName_20', 'LastName_20'),
(25, '2013-04-03 19:22:39', '2013-04-03 19:22:39', 'FirstName_21', 'LastName_21'),
(26, '2013-04-03 19:22:39', '2013-04-03 19:22:39', 'FirstName_22', 'LastName_22'),
(27, '2013-04-03 19:22:39', '2013-04-03 19:22:39', 'FirstName_23', 'LastName_23'),
(28, '2013-04-03 19:22:39', '2013-04-03 19:22:39', 'FirstName_24', 'LastName_24'),
(29, '2013-04-03 19:22:39', '2013-04-03 19:22:39', 'FirstName_25', 'LastName_25'),
(30, '2013-04-03 19:22:39', '2013-04-03 19:22:39', 'FirstName_26', 'LastName_26'),
(31, '2013-04-03 19:22:39', '2013-04-03 19:22:39', 'FirstName_27', 'LastName_27'),
(32, '2013-04-03 19:22:39', '2013-04-03 19:22:39', 'FirstName_28', 'LastName_28'),
(33, '2013-04-03 19:22:39', '2013-04-03 19:22:39', 'FirstName_29', 'LastName_29'),
(34, '2013-04-03 19:22:39', '2013-04-03 19:22:39', 'FirstName_30', 'LastName_30'),
(35, '2013-04-03 19:22:39', '2013-04-03 19:22:39', 'FirstName_31', 'LastName_31'),
(36, '2013-04-03 19:22:39', '2013-04-03 19:22:39', 'FirstName_32', 'LastName_32'),
(37, '2013-04-03 19:22:39', '2013-04-03 19:22:39', 'FirstName_33', 'LastName_33'),
(38, '2013-04-03 19:22:39', '2013-04-03 19:22:39', 'FirstName_34', 'LastName_34'),
(39, '2013-04-03 19:22:39', '2013-04-03 19:22:39', 'FirstName_35', 'LastName_35'),
(40, '2013-04-03 19:22:39', '2013-04-03 19:22:39', 'FirstName_36', 'LastName_36'),
(41, '2013-04-03 19:22:39', '2013-04-03 19:22:39', 'FirstName_37', 'LastName_37'),
(42, '2013-04-03 19:22:39', '2013-04-03 19:22:39', 'FirstName_38', 'LastName_38'),
(43, '2013-04-03 19:22:39', '2013-04-03 19:22:39', 'FirstName_39', 'LastName_39'),
(44, '2013-04-03 19:22:39', '2013-04-03 19:22:39', 'FirstName_40', 'LastName_40'),
(45, '2013-04-03 19:22:39', '2013-04-03 19:22:39', 'FirstName_41', 'LastName_41'),
(46, '2013-04-03 19:22:39', '2013-04-03 19:22:39', 'FirstName_42', 'LastName_42'),
(47, '2013-04-03 19:22:39', '2013-04-03 19:22:39', 'FirstName_43', 'LastName_43'),
(48, '2013-04-03 19:22:39', '2013-04-03 19:22:39', 'FirstName_44', 'LastName_44'),
(49, '2013-04-03 19:22:39', '2013-04-03 19:22:39', 'FirstName_45', 'LastName_45'),
(50, '2013-04-03 19:22:39', '2013-04-03 19:22:39', 'FirstName_46', 'LastName_46'),
(51, '2013-04-03 19:22:39', '2013-04-03 19:22:39', 'FirstName_47', 'LastName_47'),
(52, '2013-04-03 19:22:39', '2013-04-03 19:22:39', 'FirstName_48', 'LastName_48'),
(53, '2013-04-03 19:22:39', '2013-04-03 19:22:39', 'FirstName_49', 'LastName_49'),
(54, '2013-04-03 19:22:39', '2013-04-03 19:22:39', 'FirstName_50', 'LastName_50'),
(55, '2013-04-03 19:22:39', '2013-04-03 19:22:39', 'FirstName_51', 'LastName_51'),
(56, '2013-04-03 19:22:39', '2013-04-03 19:22:39', 'FirstName_52', 'LastName_52'),
(57, '2013-04-03 19:22:39', '2013-04-03 19:22:39', 'FirstName_53', 'LastName_53'),
(58, '2013-04-03 19:22:39', '2013-04-03 19:22:39', 'FirstName_54', 'LastName_54'),
(59, '2013-04-03 19:22:39', '2013-04-03 19:22:39', 'FirstName_55', 'LastName_55'),
(60, '2013-04-03 19:22:39', '2013-04-03 19:22:39', 'FirstName_56', 'LastName_56'),
(61, '2013-04-03 19:22:39', '2013-04-03 19:22:39', 'FirstName_57', 'LastName_57'),
(62, '2013-04-03 19:22:39', '2013-04-03 19:22:39', 'FirstName_58', 'LastName_58'),
(63, '2013-04-03 19:22:39', '2013-04-03 19:22:39', 'FirstName_59', 'LastName_59'),
(64, '2013-04-03 19:22:39', '2013-04-03 19:22:39', 'FirstName_60', 'LastName_60'),
(65, '2013-04-03 19:22:39', '2013-04-03 19:22:39', 'FirstName_61', 'LastName_61'),
(66, '2013-04-03 19:22:39', '2013-04-03 19:22:39', 'FirstName_62', 'LastName_62'),
(67, '2013-04-03 19:22:39', '2013-04-03 19:22:39', 'FirstName_63', 'LastName_63'),
(68, '2013-04-03 19:22:39', '2013-04-03 19:22:39', 'FirstName_64', 'LastName_64'),
(69, '2013-04-03 19:22:39', '2013-04-03 19:22:39', 'FirstName_65', 'LastName_65'),
(70, '2013-04-03 19:22:39', '2013-04-03 19:22:39', 'FirstName_66', 'LastName_66'),
(71, '2013-04-03 19:22:39', '2013-04-03 19:22:39', 'FirstName_67', 'LastName_67'),
(72, '2013-04-03 19:22:39', '2013-04-03 19:22:39', 'FirstName_68', 'LastName_68'),
(73, '2013-04-03 19:22:39', '2013-04-03 19:22:39', 'FirstName_69', 'LastName_69'),
(74, '2013-04-03 19:22:39', '2013-04-03 19:22:39', 'FirstName_70', 'LastName_70'),
(75, '2013-04-03 19:22:39', '2013-04-03 19:22:39', 'FirstName_71', 'LastName_71'),
(76, '2013-04-03 19:22:39', '2013-04-03 19:22:39', 'FirstName_72', 'LastName_72'),
(77, '2013-04-03 19:22:39', '2013-04-03 19:22:39', 'FirstName_73', 'LastName_73'),
(78, '2013-04-03 19:22:39', '2013-04-03 19:22:39', 'FirstName_74', 'LastName_74'),
(79, '2013-04-03 19:22:39', '2013-04-03 19:22:39', 'FirstName_75', 'LastName_75'),
(80, '2013-04-03 19:22:39', '2013-04-03 19:22:39', 'FirstName_76', 'LastName_76'),
(81, '2013-04-03 19:22:39', '2013-04-03 19:22:39', 'FirstName_77', 'LastName_77'),
(82, '2013-04-03 19:22:39', '2013-04-03 19:22:39', 'FirstName_78', 'LastName_78'),
(83, '2013-04-03 19:22:39', '2013-04-03 19:22:39', 'FirstName_79', 'LastName_79'),
(84, '2013-04-03 19:22:39', '2013-04-03 19:22:39', 'FirstName_80', 'LastName_80'),
(85, '2013-04-03 19:22:39', '2013-04-03 19:22:39', 'FirstName_81', 'LastName_81'),
(86, '2013-04-03 19:22:39', '2013-04-03 19:22:39', 'FirstName_82', 'LastName_82'),
(87, '2013-04-03 19:22:39', '2013-04-03 19:22:39', 'FirstName_83', 'LastName_83'),
(88, '2013-04-03 19:22:39', '2013-04-03 19:22:39', 'FirstName_84', 'LastName_84'),
(89, '2013-04-03 19:22:39', '2013-04-03 19:22:39', 'FirstName_85', 'LastName_85'),
(90, '2013-04-03 19:22:39', '2013-04-03 19:22:39', 'FirstName_86', 'LastName_86'),
(91, '2013-04-03 19:22:39', '2013-04-03 19:22:39', 'FirstName_87', 'LastName_87'),
(92, '2013-04-03 19:22:39', '2013-04-03 19:22:39', 'FirstName_88', 'LastName_88'),
(93, '2013-04-03 19:22:39', '2013-04-03 19:22:39', 'FirstName_89', 'LastName_89'),
(94, '2013-04-03 19:22:39', '2013-04-03 19:22:39', 'FirstName_90', 'LastName_90'),
(95, '2013-04-03 19:22:39', '2013-04-03 19:22:39', 'FirstName_91', 'LastName_91'),
(96, '2013-04-03 19:22:39', '2013-04-03 19:22:39', 'FirstName_92', 'LastName_92'),
(97, '2013-04-03 19:22:39', '2013-04-03 19:22:39', 'FirstName_93', 'LastName_93'),
(98, '2013-04-03 19:22:39', '2013-04-03 19:22:39', 'FirstName_94', 'LastName_94'),
(99, '2013-04-03 19:22:39', '2013-04-03 19:22:39', 'FirstName_95', 'LastName_95'),
(100, '2013-04-03 19:22:39', '2013-04-03 19:22:39', 'FirstName_96', 'LastName_96'),
(101, '2013-04-03 19:22:39', '2013-04-03 19:22:39', 'FirstName_97', 'LastName_97'),
(102, '2013-04-03 19:22:39', '2013-04-03 19:22:39', 'FirstName_98', 'LastName_98'),
(103, '2013-04-03 19:22:39', '2013-04-03 19:22:39', 'FirstName_99', 'LastName_99');

INSERT INTO `account` (`id`, `createdAt`, `updatedAt`, `active`, `email`, `password`, `username`, `customer_id`, `region_id`) VALUES
(1, '2013-04-03 19:22:38', '2013-04-03 19:22:38', b'1', 'cem@aripd.com', '67e34ed173dcf2b555855f3408d5e664', 'cem', 1, 1),
(2, '2013-04-03 19:22:38', '2013-04-03 19:22:38', b'1', 'admin@mail.com', '21232f297a57a5a743894a0e4a801fc3', 'john', 2, 1),
(3, '2013-04-03 19:22:38', '2013-04-03 19:22:38', b'1', 'user@mail.com', 'ee11cbb19052e40b07aac0ca060c23ee', 'jane', 3, 1),
(4, '2013-04-03 19:22:39', '2013-04-03 19:22:39', b'1', 'User_0@mail.com', 'ee11cbb19052e40b07aac0ca060c23ee', 'user0', 4, 2),
(5, '2013-04-03 19:22:39', '2013-04-03 19:22:39', b'1', 'User_1@mail.com', 'ee11cbb19052e40b07aac0ca060c23ee', 'user1', 5, 2),
(6, '2013-04-03 19:22:39', '2013-04-03 19:22:39', b'1', 'User_2@mail.com', 'ee11cbb19052e40b07aac0ca060c23ee', 'user2', 6, 2),
(7, '2013-04-03 19:22:39', '2013-04-03 19:22:39', b'1', 'User_3@mail.com', 'ee11cbb19052e40b07aac0ca060c23ee', 'user3', 7, 2),
(8, '2013-04-03 19:22:39', '2013-04-03 19:22:39', b'1', 'User_4@mail.com', 'ee11cbb19052e40b07aac0ca060c23ee', 'user4', 8, 2),
(9, '2013-04-03 19:22:39', '2013-04-03 19:22:39', b'1', 'User_5@mail.com', 'ee11cbb19052e40b07aac0ca060c23ee', 'user5', 9, 2),
(10, '2013-04-03 19:22:39', '2013-04-03 19:22:39', b'1', 'User_6@mail.com', 'ee11cbb19052e40b07aac0ca060c23ee', 'user6', 10, 2),
(11, '2013-04-03 19:22:39', '2013-04-03 19:22:39', b'1', 'User_7@mail.com', 'ee11cbb19052e40b07aac0ca060c23ee', 'user7', 11, 2),
(12, '2013-04-03 19:22:39', '2013-04-03 19:22:39', b'1', 'User_8@mail.com', 'ee11cbb19052e40b07aac0ca060c23ee', 'user8', 12, 2),
(13, '2013-04-03 19:22:39', '2013-04-03 19:22:39', b'1', 'User_9@mail.com', 'ee11cbb19052e40b07aac0ca060c23ee', 'user9', 13, 2),
(14, '2013-04-03 19:22:39', '2013-04-03 19:22:39', b'1', 'User_10@mail.com', 'ee11cbb19052e40b07aac0ca060c23ee', 'user10', 14, 2),
(15, '2013-04-03 19:22:39', '2013-04-03 19:22:39', b'1', 'User_11@mail.com', 'ee11cbb19052e40b07aac0ca060c23ee', 'user11', 15, 2),
(16, '2013-04-03 19:22:39', '2013-04-03 19:22:39', b'1', 'User_12@mail.com', 'ee11cbb19052e40b07aac0ca060c23ee', 'user12', 16, 2),
(17, '2013-04-03 19:22:39', '2013-04-03 19:22:39', b'1', 'User_13@mail.com', 'ee11cbb19052e40b07aac0ca060c23ee', 'user13', 17, 2),
(18, '2013-04-03 19:22:39', '2013-04-03 19:22:39', b'1', 'User_14@mail.com', 'ee11cbb19052e40b07aac0ca060c23ee', 'user14', 18, 2),
(19, '2013-04-03 19:22:39', '2013-04-03 19:22:39', b'1', 'User_15@mail.com', 'ee11cbb19052e40b07aac0ca060c23ee', 'user15', 19, 2),
(20, '2013-04-03 19:22:39', '2013-04-03 19:22:39', b'1', 'User_16@mail.com', 'ee11cbb19052e40b07aac0ca060c23ee', 'user16', 20, 2),
(21, '2013-04-03 19:22:39', '2013-04-03 19:22:39', b'1', 'User_17@mail.com', 'ee11cbb19052e40b07aac0ca060c23ee', 'user17', 21, 2),
(22, '2013-04-03 19:22:39', '2013-04-03 19:22:39', b'1', 'User_18@mail.com', 'ee11cbb19052e40b07aac0ca060c23ee', 'user18', 22, 2),
(23, '2013-04-03 19:22:39', '2013-04-03 19:22:39', b'1', 'User_19@mail.com', 'ee11cbb19052e40b07aac0ca060c23ee', 'user19', 23, 2),
(24, '2013-04-03 19:22:39', '2013-04-03 19:22:39', b'1', 'User_20@mail.com', 'ee11cbb19052e40b07aac0ca060c23ee', 'user20', 24, 2),
(25, '2013-04-03 19:22:39', '2013-04-03 19:22:39', b'1', 'User_21@mail.com', 'ee11cbb19052e40b07aac0ca060c23ee', 'user21', 25, 2),
(26, '2013-04-03 19:22:39', '2013-04-03 19:22:39', b'1', 'User_22@mail.com', 'ee11cbb19052e40b07aac0ca060c23ee', 'user22', 26, 2),
(27, '2013-04-03 19:22:39', '2013-04-03 19:22:39', b'1', 'User_23@mail.com', 'ee11cbb19052e40b07aac0ca060c23ee', 'user23', 27, 2),
(28, '2013-04-03 19:22:39', '2013-04-03 19:22:39', b'1', 'User_24@mail.com', 'ee11cbb19052e40b07aac0ca060c23ee', 'user24', 28, 2),
(29, '2013-04-03 19:22:39', '2013-04-03 19:22:39', b'1', 'User_25@mail.com', 'ee11cbb19052e40b07aac0ca060c23ee', 'user25', 29, 2),
(30, '2013-04-03 19:22:39', '2013-04-03 19:22:39', b'1', 'User_26@mail.com', 'ee11cbb19052e40b07aac0ca060c23ee', 'user26', 30, 2),
(31, '2013-04-03 19:22:39', '2013-04-03 19:22:39', b'1', 'User_27@mail.com', 'ee11cbb19052e40b07aac0ca060c23ee', 'user27', 31, 2),
(32, '2013-04-03 19:22:39', '2013-04-03 19:22:39', b'1', 'User_28@mail.com', 'ee11cbb19052e40b07aac0ca060c23ee', 'user28', 32, 2),
(33, '2013-04-03 19:22:39', '2013-04-03 19:22:39', b'1', 'User_29@mail.com', 'ee11cbb19052e40b07aac0ca060c23ee', 'user29', 33, 2),
(34, '2013-04-03 19:22:39', '2013-04-03 19:22:39', b'1', 'User_30@mail.com', 'ee11cbb19052e40b07aac0ca060c23ee', 'user30', 34, 2),
(35, '2013-04-03 19:22:39', '2013-04-03 19:22:39', b'1', 'User_31@mail.com', 'ee11cbb19052e40b07aac0ca060c23ee', 'user31', 35, 2),
(36, '2013-04-03 19:22:39', '2013-04-03 19:22:39', b'1', 'User_32@mail.com', 'ee11cbb19052e40b07aac0ca060c23ee', 'user32', 36, 2),
(37, '2013-04-03 19:22:39', '2013-04-03 19:22:39', b'1', 'User_33@mail.com', 'ee11cbb19052e40b07aac0ca060c23ee', 'user33', 37, 2),
(38, '2013-04-03 19:22:39', '2013-04-03 19:22:39', b'1', 'User_34@mail.com', 'ee11cbb19052e40b07aac0ca060c23ee', 'user34', 38, 2),
(39, '2013-04-03 19:22:39', '2013-04-03 19:22:39', b'1', 'User_35@mail.com', 'ee11cbb19052e40b07aac0ca060c23ee', 'user35', 39, 2),
(40, '2013-04-03 19:22:39', '2013-04-03 19:22:39', b'1', 'User_36@mail.com', 'ee11cbb19052e40b07aac0ca060c23ee', 'user36', 40, 2),
(41, '2013-04-03 19:22:39', '2013-04-03 19:22:39', b'1', 'User_37@mail.com', 'ee11cbb19052e40b07aac0ca060c23ee', 'user37', 41, 2),
(42, '2013-04-03 19:22:39', '2013-04-03 19:22:39', b'1', 'User_38@mail.com', 'ee11cbb19052e40b07aac0ca060c23ee', 'user38', 42, 2),
(43, '2013-04-03 19:22:39', '2013-04-03 19:22:39', b'1', 'User_39@mail.com', 'ee11cbb19052e40b07aac0ca060c23ee', 'user39', 43, 2),
(44, '2013-04-03 19:22:39', '2013-04-03 19:22:39', b'1', 'User_40@mail.com', 'ee11cbb19052e40b07aac0ca060c23ee', 'user40', 44, 2),
(45, '2013-04-03 19:22:39', '2013-04-03 19:22:39', b'1', 'User_41@mail.com', 'ee11cbb19052e40b07aac0ca060c23ee', 'user41', 45, 2),
(46, '2013-04-03 19:22:39', '2013-04-03 19:22:39', b'1', 'User_42@mail.com', 'ee11cbb19052e40b07aac0ca060c23ee', 'user42', 46, 2),
(47, '2013-04-03 19:22:39', '2013-04-03 19:22:39', b'1', 'User_43@mail.com', 'ee11cbb19052e40b07aac0ca060c23ee', 'user43', 47, 2),
(48, '2013-04-03 19:22:39', '2013-04-03 19:22:39', b'1', 'User_44@mail.com', 'ee11cbb19052e40b07aac0ca060c23ee', 'user44', 48, 2),
(49, '2013-04-03 19:22:39', '2013-04-03 19:22:39', b'1', 'User_45@mail.com', 'ee11cbb19052e40b07aac0ca060c23ee', 'user45', 49, 2),
(50, '2013-04-03 19:22:39', '2013-04-03 19:22:39', b'1', 'User_46@mail.com', 'ee11cbb19052e40b07aac0ca060c23ee', 'user46', 50, 2),
(51, '2013-04-03 19:22:39', '2013-04-03 19:22:39', b'1', 'User_47@mail.com', 'ee11cbb19052e40b07aac0ca060c23ee', 'user47', 51, 2),
(52, '2013-04-03 19:22:39', '2013-04-03 19:22:39', b'1', 'User_48@mail.com', 'ee11cbb19052e40b07aac0ca060c23ee', 'user48', 52, 2),
(53, '2013-04-03 19:22:39', '2013-04-03 19:22:39', b'1', 'User_49@mail.com', 'ee11cbb19052e40b07aac0ca060c23ee', 'user49', 53, 2),
(54, '2013-04-03 19:22:39', '2013-04-03 19:22:39', b'1', 'User_50@mail.com', 'ee11cbb19052e40b07aac0ca060c23ee', 'user50', 54, 2),
(55, '2013-04-03 19:22:39', '2013-04-03 19:22:39', b'1', 'User_51@mail.com', 'ee11cbb19052e40b07aac0ca060c23ee', 'user51', 55, 2),
(56, '2013-04-03 19:22:39', '2013-04-03 19:22:39', b'1', 'User_52@mail.com', 'ee11cbb19052e40b07aac0ca060c23ee', 'user52', 56, 2),
(57, '2013-04-03 19:22:39', '2013-04-03 19:22:39', b'1', 'User_53@mail.com', 'ee11cbb19052e40b07aac0ca060c23ee', 'user53', 57, 2),
(58, '2013-04-03 19:22:39', '2013-04-03 19:22:39', b'1', 'User_54@mail.com', 'ee11cbb19052e40b07aac0ca060c23ee', 'user54', 58, 2),
(59, '2013-04-03 19:22:39', '2013-04-03 19:22:39', b'1', 'User_55@mail.com', 'ee11cbb19052e40b07aac0ca060c23ee', 'user55', 59, 2),
(60, '2013-04-03 19:22:39', '2013-04-03 19:22:39', b'1', 'User_56@mail.com', 'ee11cbb19052e40b07aac0ca060c23ee', 'user56', 60, 2),
(61, '2013-04-03 19:22:39', '2013-04-03 19:22:39', b'1', 'User_57@mail.com', 'ee11cbb19052e40b07aac0ca060c23ee', 'user57', 61, 2),
(62, '2013-04-03 19:22:39', '2013-04-03 19:22:39', b'1', 'User_58@mail.com', 'ee11cbb19052e40b07aac0ca060c23ee', 'user58', 62, 2),
(63, '2013-04-03 19:22:39', '2013-04-03 19:22:39', b'1', 'User_59@mail.com', 'ee11cbb19052e40b07aac0ca060c23ee', 'user59', 63, 2),
(64, '2013-04-03 19:22:39', '2013-04-03 19:22:39', b'1', 'User_60@mail.com', 'ee11cbb19052e40b07aac0ca060c23ee', 'user60', 64, 2),
(65, '2013-04-03 19:22:39', '2013-04-03 19:22:39', b'1', 'User_61@mail.com', 'ee11cbb19052e40b07aac0ca060c23ee', 'user61', 65, 2),
(66, '2013-04-03 19:22:39', '2013-04-03 19:22:39', b'1', 'User_62@mail.com', 'ee11cbb19052e40b07aac0ca060c23ee', 'user62', 66, 2),
(67, '2013-04-03 19:22:39', '2013-04-03 19:22:39', b'1', 'User_63@mail.com', 'ee11cbb19052e40b07aac0ca060c23ee', 'user63', 67, 2),
(68, '2013-04-03 19:22:39', '2013-04-03 19:22:39', b'1', 'User_64@mail.com', 'ee11cbb19052e40b07aac0ca060c23ee', 'user64', 68, 2),
(69, '2013-04-03 19:22:39', '2013-04-03 19:22:39', b'1', 'User_65@mail.com', 'ee11cbb19052e40b07aac0ca060c23ee', 'user65', 69, 2),
(70, '2013-04-03 19:22:39', '2013-04-03 19:22:39', b'1', 'User_66@mail.com', 'ee11cbb19052e40b07aac0ca060c23ee', 'user66', 70, 2),
(71, '2013-04-03 19:22:39', '2013-04-03 19:22:39', b'1', 'User_67@mail.com', 'ee11cbb19052e40b07aac0ca060c23ee', 'user67', 71, 2),
(72, '2013-04-03 19:22:39', '2013-04-03 19:22:39', b'1', 'User_68@mail.com', 'ee11cbb19052e40b07aac0ca060c23ee', 'user68', 72, 2),
(73, '2013-04-03 19:22:39', '2013-04-03 19:22:39', b'1', 'User_69@mail.com', 'ee11cbb19052e40b07aac0ca060c23ee', 'user69', 73, 2),
(74, '2013-04-03 19:22:39', '2013-04-03 19:22:39', b'1', 'User_70@mail.com', 'ee11cbb19052e40b07aac0ca060c23ee', 'user70', 74, 2),
(75, '2013-04-03 19:22:39', '2013-04-03 19:22:39', b'1', 'User_71@mail.com', 'ee11cbb19052e40b07aac0ca060c23ee', 'user71', 75, 2),
(76, '2013-04-03 19:22:39', '2013-04-03 19:22:39', b'1', 'User_72@mail.com', 'ee11cbb19052e40b07aac0ca060c23ee', 'user72', 76, 2),
(77, '2013-04-03 19:22:39', '2013-04-03 19:22:39', b'1', 'User_73@mail.com', 'ee11cbb19052e40b07aac0ca060c23ee', 'user73', 77, 2),
(78, '2013-04-03 19:22:39', '2013-04-03 19:22:39', b'1', 'User_74@mail.com', 'ee11cbb19052e40b07aac0ca060c23ee', 'user74', 78, 2),
(79, '2013-04-03 19:22:39', '2013-04-03 19:22:39', b'1', 'User_75@mail.com', 'ee11cbb19052e40b07aac0ca060c23ee', 'user75', 79, 2),
(80, '2013-04-03 19:22:39', '2013-04-03 19:22:39', b'1', 'User_76@mail.com', 'ee11cbb19052e40b07aac0ca060c23ee', 'user76', 80, 2),
(81, '2013-04-03 19:22:39', '2013-04-03 19:22:39', b'1', 'User_77@mail.com', 'ee11cbb19052e40b07aac0ca060c23ee', 'user77', 81, 2),
(82, '2013-04-03 19:22:39', '2013-04-03 19:22:39', b'1', 'User_78@mail.com', 'ee11cbb19052e40b07aac0ca060c23ee', 'user78', 82, 2),
(83, '2013-04-03 19:22:39', '2013-04-03 19:22:39', b'1', 'User_79@mail.com', 'ee11cbb19052e40b07aac0ca060c23ee', 'user79', 83, 2),
(84, '2013-04-03 19:22:39', '2013-04-03 19:22:39', b'1', 'User_80@mail.com', 'ee11cbb19052e40b07aac0ca060c23ee', 'user80', 84, 2),
(85, '2013-04-03 19:22:39', '2013-04-03 19:22:39', b'1', 'User_81@mail.com', 'ee11cbb19052e40b07aac0ca060c23ee', 'user81', 85, 2),
(86, '2013-04-03 19:22:39', '2013-04-03 19:22:39', b'1', 'User_82@mail.com', 'ee11cbb19052e40b07aac0ca060c23ee', 'user82', 86, 2),
(87, '2013-04-03 19:22:39', '2013-04-03 19:22:39', b'1', 'User_83@mail.com', 'ee11cbb19052e40b07aac0ca060c23ee', 'user83', 87, 2),
(88, '2013-04-03 19:22:39', '2013-04-03 19:22:39', b'1', 'User_84@mail.com', 'ee11cbb19052e40b07aac0ca060c23ee', 'user84', 88, 2),
(89, '2013-04-03 19:22:39', '2013-04-03 19:22:39', b'1', 'User_85@mail.com', 'ee11cbb19052e40b07aac0ca060c23ee', 'user85', 89, 2),
(90, '2013-04-03 19:22:39', '2013-04-03 19:22:39', b'1', 'User_86@mail.com', 'ee11cbb19052e40b07aac0ca060c23ee', 'user86', 90, 2),
(91, '2013-04-03 19:22:39', '2013-04-03 19:22:39', b'1', 'User_87@mail.com', 'ee11cbb19052e40b07aac0ca060c23ee', 'user87', 91, 2),
(92, '2013-04-03 19:22:39', '2013-04-03 19:22:39', b'1', 'User_88@mail.com', 'ee11cbb19052e40b07aac0ca060c23ee', 'user88', 92, 2),
(93, '2013-04-03 19:22:39', '2013-04-03 19:22:39', b'1', 'User_89@mail.com', 'ee11cbb19052e40b07aac0ca060c23ee', 'user89', 93, 2),
(94, '2013-04-03 19:22:39', '2013-04-03 19:22:39', b'1', 'User_90@mail.com', 'ee11cbb19052e40b07aac0ca060c23ee', 'user90', 94, 2),
(95, '2013-04-03 19:22:39', '2013-04-03 19:22:39', b'1', 'User_91@mail.com', 'ee11cbb19052e40b07aac0ca060c23ee', 'user91', 95, 2),
(96, '2013-04-03 19:22:39', '2013-04-03 19:22:39', b'1', 'User_92@mail.com', 'ee11cbb19052e40b07aac0ca060c23ee', 'user92', 96, 2),
(97, '2013-04-03 19:22:39', '2013-04-03 19:22:39', b'1', 'User_93@mail.com', 'ee11cbb19052e40b07aac0ca060c23ee', 'user93', 97, 2),
(98, '2013-04-03 19:22:39', '2013-04-03 19:22:39', b'1', 'User_94@mail.com', 'ee11cbb19052e40b07aac0ca060c23ee', 'user94', 98, 2),
(99, '2013-04-03 19:22:39', '2013-04-03 19:22:39', b'1', 'User_95@mail.com', 'ee11cbb19052e40b07aac0ca060c23ee', 'user95', 99, 2),
(100, '2013-04-03 19:22:39', '2013-04-03 19:22:39', b'1', 'User_96@mail.com', 'ee11cbb19052e40b07aac0ca060c23ee', 'user96', 100, 2),
(101, '2013-04-03 19:22:39', '2013-04-03 19:22:39', b'1', 'User_97@mail.com', 'ee11cbb19052e40b07aac0ca060c23ee', 'user97', 101, 2),
(102, '2013-04-03 19:22:39', '2013-04-03 19:22:39', b'1', 'User_98@mail.com', 'ee11cbb19052e40b07aac0ca060c23ee', 'user98', 102, 2),
(103, '2013-04-03 19:22:39', '2013-04-03 19:22:39', b'1', 'User_99@mail.com', 'ee11cbb19052e40b07aac0ca060c23ee', 'user99', 103, 2);

INSERT INTO `account_role` (`account_id`, `role_id`) VALUES
(1, 1),
(1, 2),
(1, 3),
(2, 2),
(2, 3),
(3, 3),
(4, 3),
(5, 3),
(6, 3),
(7, 3),
(8, 3),
(9, 3),
(10, 3),
(11, 3),
(12, 3),
(13, 3),
(14, 3),
(15, 3),
(16, 3),
(17, 3),
(18, 3),
(19, 3),
(20, 3),
(21, 3),
(22, 3),
(23, 3),
(24, 3),
(25, 3),
(26, 3),
(27, 3),
(28, 3),
(29, 3),
(30, 3),
(31, 3),
(32, 3),
(33, 3),
(34, 3),
(35, 3),
(36, 3),
(37, 3),
(38, 3),
(39, 3),
(40, 3),
(41, 3),
(42, 3),
(43, 3),
(44, 3),
(45, 3),
(46, 3),
(47, 3),
(48, 3),
(49, 3),
(50, 3),
(51, 3),
(52, 3),
(53, 3),
(54, 3),
(55, 3),
(56, 3),
(57, 3),
(58, 3),
(59, 3),
(60, 3),
(61, 3),
(62, 3),
(63, 3),
(64, 3),
(65, 3),
(66, 3),
(67, 3),
(68, 3),
(69, 3),
(70, 3),
(71, 3),
(72, 3),
(73, 3),
(74, 3),
(75, 3),
(76, 3),
(77, 3),
(78, 3),
(79, 3),
(80, 3),
(81, 3),
(82, 3),
(83, 3),
(84, 3),
(85, 3),
(86, 3),
(87, 3),
(88, 3),
(89, 3),
(90, 3),
(91, 3),
(92, 3),
(93, 3),
(94, 3),
(95, 3),
(96, 3),
(97, 3),
(98, 3),
(99, 3),
(100, 3),
(101, 3),
(102, 3),
(103, 3);

INSERT INTO `driver` (`id`, `createdAt`, `updatedAt`, `active`, `code`, `name`, `phonenumber`, `region_id`) VALUES
(1, '2013-04-03 19:22:36', '2013-04-03 19:22:36', b'1', 'UID1', 'Sürücü1', 'Telefon1', 1),
(2, '2013-04-03 19:22:36', '2013-04-03 19:22:36', b'1', 'UID2', 'Sürücü2', 'Telefon2', 1),
(3, '2013-04-03 19:22:36', '2013-04-03 19:22:36', b'1', 'UID3', 'Sürücü3', 'Telefon3', 1),
(4, '2013-04-03 19:22:36', '2013-04-03 19:22:36', b'1', 'UID4', 'Sürücü4', 'Telefon4', 2),
(5, '2013-04-03 19:22:36', '2013-04-03 19:22:36', b'1', 'UID5', 'Sürücü5', 'Telefon5', 2),
(6, '2013-04-03 19:22:36', '2013-04-03 19:22:36', b'1', 'UID6', 'Sürücü6', 'Telefon6', 2),
(7, '2013-04-03 19:22:36', '2013-04-03 19:22:36', b'1', 'UID7', 'Sürücü7', 'Telefon7', 3),
(8, '2013-04-03 19:22:36', '2013-04-03 19:22:36', b'1', 'UID8', 'Sürücü8', 'Telefon8', 3),
(9, '2013-04-03 19:22:36', '2013-04-03 19:22:36', b'1', 'UID9', 'Sürücü9', 'Telefon9', 3),
(10, '2013-04-03 19:22:36', '2013-04-03 19:22:36', b'1', 'UID10', 'Sürücü10', 'Telefon10', 4),
(11, '2013-04-03 19:22:36', '2013-04-03 19:22:36', b'1', 'UID11', 'Sürücü11', 'Telefon11', 4),
(12, '2013-04-03 19:22:36', '2013-04-03 19:22:36', b'1', 'UID12', 'Sürücü12', 'Telefon12', 5),
(13, '2013-04-03 19:22:36', '2013-04-03 19:22:36', b'1', 'UID13', 'Sürücü13', 'Telefon13', 5),
(14, '2013-04-03 19:22:36', '2013-04-03 19:22:36', b'1', 'UID14', 'Sürücü14', 'Telefon14', 6),
(15, '2013-04-03 19:22:36', '2013-04-03 19:22:36', b'1', 'UID15', 'Sürücü15', 'Telefon15', 6);

INSERT INTO `truck` (`id`, `createdAt`, `updatedAt`, `active`, `plate`, `region_id`) VALUES
(1, '2013-04-03 19:22:36', '2013-04-03 19:22:36', b'1', '34 YK 1063', 1),
(2, '2013-04-03 19:22:36', '2013-04-03 19:22:36', b'1', '35 SEC 10', 1),
(3, '2013-04-03 19:22:36', '2013-04-03 19:22:36', b'1', '35 ZH 318', 1),
(4, '2013-04-03 19:22:36', '2013-04-03 19:22:36', b'1', '35 U 1884', 1),
(5, '2013-04-03 19:22:36', '2013-04-03 19:22:36', b'1', '35 HA 6914', 2),
(6, '2013-04-03 19:22:36', '2013-04-03 19:22:36', b'1', '34 AT 2912', 2),
(7, '2013-04-03 19:22:36', '2013-04-03 19:22:36', b'1', '34 TE 6123', 2),
(8, '2013-04-03 19:22:36', '2013-04-03 19:22:36', b'1', '35 CEV 47', 3),
(9, '2013-04-03 19:22:36', '2013-04-03 19:22:36', b'1', '35 HMH 47', 3),
(10, '2013-04-03 19:22:36', '2013-04-03 19:22:36', b'1', '35 SAU 44', 3),
(11, '2013-04-03 19:22:36', '2013-04-03 19:22:36', b'1', '35 AC 7870', 3),
(12, '2013-04-03 19:22:36', '2013-04-03 19:22:36', b'1', '35 VH 793', 4),
(13, '2013-04-03 19:22:36', '2013-04-03 19:22:36', b'1', '35 HNU 60', 4),
(14, '2013-04-03 19:22:36', '2013-04-03 19:22:36', b'1', '09 D 9585', 4),
(15, '2013-04-03 19:22:36', '2013-04-03 19:22:36', b'1', '35 HVU 92', 4);

INSERT INTO `expense` (`id`, `createdAt`, `updatedAt`, `amount`, `company`, `description`, `documentDate`, `submitted`, `account_id`) VALUES
(NULL, '2013-02-05 22:00:00', '2013-02-05 22:00:00', (FLOOR(1 + RAND() * 60)), CONCAT('Company', (FLOOR(1 + RAND() * 60))), (FLOOR(1 + RAND() * 100000)), '2013-02-05 22:00:00', b'1', (FLOOR(1 + RAND() * 100))),
(NULL, '2013-02-05 22:00:00', '2013-02-05 22:00:00', (FLOOR(1 + RAND() * 60)), CONCAT('Company', (FLOOR(1 + RAND() * 60))), (FLOOR(1 + RAND() * 100000)), '2013-02-05 22:00:00', b'1', (FLOOR(1 + RAND() * 100))),
(NULL, '2013-02-05 22:00:00', '2013-02-05 22:00:00', (FLOOR(1 + RAND() * 60)), CONCAT('Company', (FLOOR(1 + RAND() * 60))), (FLOOR(1 + RAND() * 100000)), '2013-02-05 22:00:00', b'1', (FLOOR(1 + RAND() * 100))),
(NULL, '2013-02-05 22:00:00', '2013-02-05 22:00:00', (FLOOR(1 + RAND() * 60)), CONCAT('Company', (FLOOR(1 + RAND() * 60))), (FLOOR(1 + RAND() * 100000)), '2013-02-05 22:00:00', b'1', (FLOOR(1 + RAND() * 100))),
(NULL, '2013-02-05 22:00:00', '2013-02-05 22:00:00', (FLOOR(1 + RAND() * 60)), CONCAT('Company', (FLOOR(1 + RAND() * 60))), (FLOOR(1 + RAND() * 100000)), '2013-02-05 22:00:00', b'1', (FLOOR(1 + RAND() * 100))),
(NULL, '2013-02-05 22:00:00', '2013-02-05 22:00:00', (FLOOR(1 + RAND() * 60)), CONCAT('Company', (FLOOR(1 + RAND() * 60))), (FLOOR(1 + RAND() * 100000)), '2013-02-05 22:00:00', b'1', (FLOOR(1 + RAND() * 100))),
(NULL, '2013-02-05 22:00:00', '2013-02-05 22:00:00', (FLOOR(1 + RAND() * 60)), CONCAT('Company', (FLOOR(1 + RAND() * 60))), (FLOOR(1 + RAND() * 100000)), '2013-02-05 22:00:00', b'1', (FLOOR(1 + RAND() * 100))),
(NULL, '2013-02-05 22:00:00', '2013-02-05 22:00:00', (FLOOR(1 + RAND() * 60)), CONCAT('Company', (FLOOR(1 + RAND() * 60))), (FLOOR(1 + RAND() * 100000)), '2013-02-05 22:00:00', b'1', (FLOOR(1 + RAND() * 100))),
(NULL, '2013-02-05 22:00:00', '2013-02-05 22:00:00', (FLOOR(1 + RAND() * 60)), CONCAT('Company', (FLOOR(1 + RAND() * 60))), (FLOOR(1 + RAND() * 100000)), '2013-02-05 22:00:00', b'1', (FLOOR(1 + RAND() * 100))),
(NULL, '2013-02-05 22:00:00', '2013-02-05 22:00:00', (FLOOR(1 + RAND() * 60)), CONCAT('Company', (FLOOR(1 + RAND() * 60))), (FLOOR(1 + RAND() * 100000)), '2013-02-05 22:00:00', b'1', (FLOOR(1 + RAND() * 100))),
(NULL, '2013-02-05 22:00:00', '2013-02-05 22:00:00', (FLOOR(1 + RAND() * 60)), CONCAT('Company', (FLOOR(1 + RAND() * 60))), (FLOOR(1 + RAND() * 100000)), '2013-02-05 22:00:00', b'1', (FLOOR(1 + RAND() * 100))),
(NULL, '2013-02-05 22:00:00', '2013-02-05 22:00:00', (FLOOR(1 + RAND() * 60)), CONCAT('Company', (FLOOR(1 + RAND() * 60))), (FLOOR(1 + RAND() * 100000)), '2013-02-05 22:00:00', b'1', (FLOOR(1 + RAND() * 100))),
(NULL, '2013-02-05 22:00:00', '2013-02-05 22:00:00', (FLOOR(1 + RAND() * 60)), CONCAT('Company', (FLOOR(1 + RAND() * 60))), (FLOOR(1 + RAND() * 100000)), '2013-02-05 22:00:00', b'1', (FLOOR(1 + RAND() * 100))),
(NULL, '2013-02-05 22:00:00', '2013-02-05 22:00:00', (FLOOR(1 + RAND() * 60)), CONCAT('Company', (FLOOR(1 + RAND() * 60))), (FLOOR(1 + RAND() * 100000)), '2013-02-05 22:00:00', b'1', (FLOOR(1 + RAND() * 100))),
(NULL, '2013-02-05 22:00:00', '2013-02-05 22:00:00', (FLOOR(1 + RAND() * 60)), CONCAT('Company', (FLOOR(1 + RAND() * 60))), (FLOOR(1 + RAND() * 100000)), '2013-02-05 22:00:00', b'1', (FLOOR(1 + RAND() * 100))),
(NULL, '2013-02-05 22:00:00', '2013-02-05 22:00:00', (FLOOR(1 + RAND() * 60)), CONCAT('Company', (FLOOR(1 + RAND() * 60))), (FLOOR(1 + RAND() * 100000)), '2013-02-05 22:00:00', b'1', (FLOOR(1 + RAND() * 100))),
(NULL, '2013-02-05 22:00:00', '2013-02-05 22:00:00', (FLOOR(1 + RAND() * 60)), CONCAT('Company', (FLOOR(1 + RAND() * 60))), (FLOOR(1 + RAND() * 100000)), '2013-02-05 22:00:00', b'1', (FLOOR(1 + RAND() * 100))),
(NULL, '2013-02-05 22:00:00', '2013-02-05 22:00:00', (FLOOR(1 + RAND() * 60)), CONCAT('Company', (FLOOR(1 + RAND() * 60))), (FLOOR(1 + RAND() * 100000)), '2013-02-05 22:00:00', b'1', (FLOOR(1 + RAND() * 100))),
(NULL, '2013-02-05 22:00:00', '2013-02-05 22:00:00', (FLOOR(1 + RAND() * 60)), CONCAT('Company', (FLOOR(1 + RAND() * 60))), (FLOOR(1 + RAND() * 100000)), '2013-02-05 22:00:00', b'1', (FLOOR(1 + RAND() * 100))),
(NULL, '2013-02-05 22:00:00', '2013-02-05 22:00:00', (FLOOR(1 + RAND() * 60)), CONCAT('Company', (FLOOR(1 + RAND() * 60))), (FLOOR(1 + RAND() * 100000)), '2013-02-05 22:00:00', b'1', (FLOOR(1 + RAND() * 100))),
(NULL, '2013-02-05 22:00:00', '2013-02-05 22:00:00', (FLOOR(1 + RAND() * 60)), CONCAT('Company', (FLOOR(1 + RAND() * 60))), (FLOOR(1 + RAND() * 100000)), '2013-02-05 22:00:00', b'1', (FLOOR(1 + RAND() * 100))),
(NULL, '2013-02-05 22:00:00', '2013-02-05 22:00:00', (FLOOR(1 + RAND() * 60)), CONCAT('Company', (FLOOR(1 + RAND() * 60))), (FLOOR(1 + RAND() * 100000)), '2013-02-05 22:00:00', b'1', (FLOOR(1 + RAND() * 100))),
(NULL, '2013-02-05 22:00:00', '2013-02-05 22:00:00', (FLOOR(1 + RAND() * 60)), CONCAT('Company', (FLOOR(1 + RAND() * 60))), (FLOOR(1 + RAND() * 100000)), '2013-02-05 22:00:00', b'1', (FLOOR(1 + RAND() * 100))),
(NULL, '2013-02-05 22:00:00', '2013-02-05 22:00:00', (FLOOR(1 + RAND() * 60)), CONCAT('Company', (FLOOR(1 + RAND() * 60))), (FLOOR(1 + RAND() * 100000)), '2013-02-05 22:00:00', b'1', (FLOOR(1 + RAND() * 100))),
(NULL, '2013-02-05 22:00:00', '2013-02-05 22:00:00', (FLOOR(1 + RAND() * 60)), CONCAT('Company', (FLOOR(1 + RAND() * 60))), (FLOOR(1 + RAND() * 100000)), '2013-02-05 22:00:00', b'1', (FLOOR(1 + RAND() * 100))),
(NULL, '2013-02-05 22:00:00', '2013-02-05 22:00:00', (FLOOR(1 + RAND() * 60)), CONCAT('Company', (FLOOR(1 + RAND() * 60))), (FLOOR(1 + RAND() * 100000)), '2013-02-05 22:00:00', b'1', (FLOOR(1 + RAND() * 100))),
(NULL, '2013-02-05 22:00:00', '2013-02-05 22:00:00', (FLOOR(1 + RAND() * 60)), CONCAT('Company', (FLOOR(1 + RAND() * 60))), (FLOOR(1 + RAND() * 100000)), '2013-02-05 22:00:00', b'1', (FLOOR(1 + RAND() * 100))),
(NULL, '2013-02-05 22:00:00', '2013-02-05 22:00:00', (FLOOR(1 + RAND() * 60)), CONCAT('Company', (FLOOR(1 + RAND() * 60))), (FLOOR(1 + RAND() * 100000)), '2013-02-05 22:00:00', b'1', (FLOOR(1 + RAND() * 100))),
(NULL, '2013-02-05 22:00:00', '2013-02-05 22:00:00', (FLOOR(1 + RAND() * 60)), CONCAT('Company', (FLOOR(1 + RAND() * 60))), (FLOOR(1 + RAND() * 100000)), '2013-02-05 22:00:00', b'1', (FLOOR(1 + RAND() * 100))),
(NULL, '2013-02-05 22:00:00', '2013-02-05 22:00:00', (FLOOR(1 + RAND() * 60)), CONCAT('Company', (FLOOR(1 + RAND() * 60))), (FLOOR(1 + RAND() * 100000)), '2013-02-05 22:00:00', b'1', (FLOOR(1 + RAND() * 100))),
(NULL, '2013-02-05 22:00:00', '2013-02-05 22:00:00', (FLOOR(1 + RAND() * 60)), CONCAT('Company', (FLOOR(1 + RAND() * 60))), (FLOOR(1 + RAND() * 100000)), '2013-02-05 22:00:00', b'1', (FLOOR(1 + RAND() * 100))),
(NULL, '2013-02-05 22:00:00', '2013-02-05 22:00:00', (FLOOR(1 + RAND() * 60)), CONCAT('Company', (FLOOR(1 + RAND() * 60))), (FLOOR(1 + RAND() * 100000)), '2013-02-05 22:00:00', b'1', (FLOOR(1 + RAND() * 100))),
(NULL, '2013-02-05 22:00:00', '2013-02-05 22:00:00', (FLOOR(1 + RAND() * 60)), CONCAT('Company', (FLOOR(1 + RAND() * 60))), (FLOOR(1 + RAND() * 100000)), '2013-02-05 22:00:00', b'1', (FLOOR(1 + RAND() * 100))),
(NULL, '2013-02-05 22:00:00', '2013-02-05 22:00:00', (FLOOR(1 + RAND() * 60)), CONCAT('Company', (FLOOR(1 + RAND() * 60))), (FLOOR(1 + RAND() * 100000)), '2013-02-05 22:00:00', b'1', (FLOOR(1 + RAND() * 100))),
(NULL, '2013-02-05 22:00:00', '2013-02-05 22:00:00', (FLOOR(1 + RAND() * 60)), CONCAT('Company', (FLOOR(1 + RAND() * 60))), (FLOOR(1 + RAND() * 100000)), '2013-02-05 22:00:00', b'1', (FLOOR(1 + RAND() * 100))),
(NULL, '2013-02-05 22:00:00', '2013-02-05 22:00:00', (FLOOR(1 + RAND() * 60)), CONCAT('Company', (FLOOR(1 + RAND() * 60))), (FLOOR(1 + RAND() * 100000)), '2013-02-05 22:00:00', b'1', (FLOOR(1 + RAND() * 100))),
(NULL, '2013-02-05 22:00:00', '2013-02-05 22:00:00', (FLOOR(1 + RAND() * 60)), CONCAT('Company', (FLOOR(1 + RAND() * 60))), (FLOOR(1 + RAND() * 100000)), '2013-02-05 22:00:00', b'1', (FLOOR(1 + RAND() * 100))),
(NULL, '2013-02-05 22:00:00', '2013-02-05 22:00:00', (FLOOR(1 + RAND() * 60)), CONCAT('Company', (FLOOR(1 + RAND() * 60))), (FLOOR(1 + RAND() * 100000)), '2013-02-05 22:00:00', b'1', (FLOOR(1 + RAND() * 100))),
(NULL, '2013-02-05 22:00:00', '2013-02-05 22:00:00', (FLOOR(1 + RAND() * 60)), CONCAT('Company', (FLOOR(1 + RAND() * 60))), (FLOOR(1 + RAND() * 100000)), '2013-02-05 22:00:00', b'1', (FLOOR(1 + RAND() * 100))),
(NULL, '2013-02-05 22:00:00', '2013-02-05 22:00:00', (FLOOR(1 + RAND() * 60)), CONCAT('Company', (FLOOR(1 + RAND() * 60))), (FLOOR(1 + RAND() * 100000)), '2013-02-05 22:00:00', b'1', (FLOOR(1 + RAND() * 100)));

INSERT INTO `quota` (`id`, `createdAt`, `updatedAt`, `active`, `code`, `name`) VALUES
(1, '2013-04-03 19:22:36', '2013-04-03 19:22:36', b'1', 'UID1', 'LASDER'),
(2, '2013-04-03 19:22:36', '2013-04-03 19:22:36', b'1', 'UID2', 'Çimento Fabrikası');

INSERT INTO `subcontractor` (`id`, `createdAt`, `updatedAt`, `active`, `code`, `name`, `region_id`) VALUES
(1, '2013-04-03 19:22:36', '2013-04-03 19:22:36', b'1', 'UID1', 'Fethi Topaktaş', 1),
(2, '2013-04-03 19:22:36', '2013-04-03 19:22:36', b'1', 'UID2', 'Niyazi Özdemir', 2),
(3, '2013-04-03 19:22:36', '2013-04-03 19:22:36', b'1', 'UID3', 'Newnak', 2),
(4, '2013-04-03 19:22:36', '2013-04-03 19:22:36', b'1', 'UID4', 'Ali Doğan', 2),
(5, '2013-04-03 19:22:36', '2013-04-03 19:22:36', b'1', 'UID5', 'Yavuz Narman', 2),
(6, '2013-04-03 19:22:36', '2013-04-03 19:22:36', b'1', 'UID6', 'Diğer', 2),
(7, '2013-04-03 19:22:36', '2013-04-03 19:22:36', b'1', 'UID7', 'Çubukçular', 2),
(8, '2013-04-03 19:22:36', '2013-04-03 19:22:36', b'1', 'UID8', 'Veysel Kutucu', 2),
(9, '2013-04-03 19:22:36', '2013-04-03 19:22:36', b'1', 'UID9', 'Erdal Yalım Bursa', 2),
(10, '2013-04-03 19:22:36', '2013-04-03 19:22:36', b'1', 'UID10', 'Erdal Yalım Eskişehir', 2),
(11, '2013-04-03 19:22:36', '2013-04-03 19:22:36', b'1', 'UID11', 'Ali Caner', 2),
(12, '2013-04-03 19:22:36', '2013-04-03 19:22:36', b'1', 'UID12', 'İsmail Demirkol', 2),
(13, '2013-04-03 19:22:36', '2013-04-03 19:22:36', b'1', 'UID13', 'İbrahim Gedikli', 3),
(14, '2013-04-03 19:22:36', '2013-04-03 19:22:36', b'1', 'UID14', 'Diğer', 3),
(15, '2013-04-03 19:22:36', '2013-04-03 19:22:36', b'1', 'UID15', 'Yaşar Bayrakal', 4),
(16, '2013-04-03 19:22:36', '2013-04-03 19:22:36', b'1', 'UID16', 'Ömer Örücü', 4),
(17, '2013-04-03 19:22:36', '2013-04-03 19:22:36', b'1', 'UID17', 'Ramazan Kafa', 4),
(18, '2013-04-03 19:22:36', '2013-04-03 19:22:36', b'1', 'UID18', 'Diğer', 4),
(19, '2013-04-03 19:22:36', '2013-04-03 19:22:36', b'1', 'UID19', 'Veysel Kızıldağ', 5),
(20, '2013-04-03 19:22:36', '2013-04-03 19:22:36', b'1', 'UID20', 'Ayhan Aydın', 5),
(21, '2013-04-03 19:22:36', '2013-04-03 19:22:36', b'1', 'UID21', 'Murat Teke', 5),
(22, '2013-04-03 19:22:36', '2013-04-03 19:22:36', b'1', 'UID22', 'Ünsal Alemdar', 5),
(23, '2013-04-03 19:22:36', '2013-04-03 19:22:36', b'1', 'UID23', 'Senayi Öztürk', 5),
(24, '2013-04-03 19:22:36', '2013-04-03 19:22:36', b'1', 'UID24', 'Diğer', 5),
(25, '2013-04-03 19:22:36', '2013-04-03 19:22:36', b'1', 'UID25', 'Diğer', 6);

INSERT INTO `forwarding` (`id`, `createdAt`, `updatedAt`, `driver`, `endingPoint`, `endingTime`, `loadWeightInTonne`, `plate`, `shippingCost`, `startingTime`, `submitted`, `waybillNo`, `account_id`, `quota_id`, `subcontractor_id`) VALUES
(NULL, '2013-02-05 22:00:00', '2013-02-05 22:00:00', CONCAT('Driver', (FLOOR(1 + RAND() * 60))), CONCAT('Ending Point', (FLOOR(1 + RAND() * 60))), '2013-02-05 22:00:00', (FLOOR(1 + RAND() * 60)), CONCAT('34AA', (FLOOR(1 + RAND() * 999))), '11.00', '2013-02-05 22:00:00', b'0', (FLOOR(1 + RAND() * 100000)), (FLOOR(1 + RAND() * 100)), 1, 1),
(NULL, '2013-02-05 22:00:00', '2013-02-05 22:00:00', CONCAT('Driver', (FLOOR(1 + RAND() * 60))), CONCAT('Ending Point', (FLOOR(1 + RAND() * 60))), '2013-02-05 22:00:00', (FLOOR(1 + RAND() * 60)), CONCAT('34AA', (FLOOR(1 + RAND() * 999))), '11.00', '2013-02-05 22:00:00', b'0', (FLOOR(1 + RAND() * 100000)), (FLOOR(1 + RAND() * 100)), 1, 1),
(NULL, '2013-02-05 22:00:00', '2013-02-05 22:00:00', CONCAT('Driver', (FLOOR(1 + RAND() * 60))), CONCAT('Ending Point', (FLOOR(1 + RAND() * 60))), '2013-02-05 22:00:00', (FLOOR(1 + RAND() * 60)), CONCAT('34AA', (FLOOR(1 + RAND() * 999))), '11.00', '2013-02-05 22:00:00', b'0', (FLOOR(1 + RAND() * 100000)), (FLOOR(1 + RAND() * 100)), 1, 1),
(NULL, '2013-02-05 22:00:00', '2013-02-05 22:00:00', CONCAT('Driver', (FLOOR(1 + RAND() * 60))), CONCAT('Ending Point', (FLOOR(1 + RAND() * 60))), '2013-02-05 22:00:00', (FLOOR(1 + RAND() * 60)), CONCAT('34AA', (FLOOR(1 + RAND() * 999))), '11.00', '2013-02-05 22:00:00', b'0', (FLOOR(1 + RAND() * 100000)), (FLOOR(1 + RAND() * 100)), 1, 1),
(NULL, '2013-02-05 22:00:00', '2013-02-05 22:00:00', CONCAT('Driver', (FLOOR(1 + RAND() * 60))), CONCAT('Ending Point', (FLOOR(1 + RAND() * 60))), '2013-02-05 22:00:00', (FLOOR(1 + RAND() * 60)), CONCAT('34AA', (FLOOR(1 + RAND() * 999))), '11.00', '2013-02-05 22:00:00', b'0', (FLOOR(1 + RAND() * 100000)), (FLOOR(1 + RAND() * 100)), 1, 1),
(NULL, '2013-02-05 22:00:00', '2013-02-05 22:00:00', CONCAT('Driver', (FLOOR(1 + RAND() * 60))), CONCAT('Ending Point', (FLOOR(1 + RAND() * 60))), '2013-02-05 22:00:00', (FLOOR(1 + RAND() * 60)), CONCAT('34AA', (FLOOR(1 + RAND() * 999))), '11.00', '2013-02-05 22:00:00', b'0', (FLOOR(1 + RAND() * 100000)), (FLOOR(1 + RAND() * 100)), 1, 1),
(NULL, '2013-02-05 22:00:00', '2013-02-05 22:00:00', CONCAT('Driver', (FLOOR(1 + RAND() * 60))), CONCAT('Ending Point', (FLOOR(1 + RAND() * 60))), '2013-02-05 22:00:00', (FLOOR(1 + RAND() * 60)), CONCAT('34AA', (FLOOR(1 + RAND() * 999))), '11.00', '2013-02-05 22:00:00', b'0', (FLOOR(1 + RAND() * 100000)), (FLOOR(1 + RAND() * 100)), 1, 1),
(NULL, '2013-02-05 22:00:00', '2013-02-05 22:00:00', CONCAT('Driver', (FLOOR(1 + RAND() * 60))), CONCAT('Ending Point', (FLOOR(1 + RAND() * 60))), '2013-02-05 22:00:00', (FLOOR(1 + RAND() * 60)), CONCAT('34AA', (FLOOR(1 + RAND() * 999))), '11.00', '2013-02-05 22:00:00', b'0', (FLOOR(1 + RAND() * 100000)), (FLOOR(1 + RAND() * 100)), 1, 1),
(NULL, '2013-02-05 22:00:00', '2013-02-05 22:00:00', CONCAT('Driver', (FLOOR(1 + RAND() * 60))), CONCAT('Ending Point', (FLOOR(1 + RAND() * 60))), '2013-02-05 22:00:00', (FLOOR(1 + RAND() * 60)), CONCAT('34AA', (FLOOR(1 + RAND() * 999))), '11.00', '2013-02-05 22:00:00', b'0', (FLOOR(1 + RAND() * 100000)), (FLOOR(1 + RAND() * 100)), 1, 1),
(NULL, '2013-02-05 22:00:00', '2013-02-05 22:00:00', CONCAT('Driver', (FLOOR(1 + RAND() * 60))), CONCAT('Ending Point', (FLOOR(1 + RAND() * 60))), '2013-02-05 22:00:00', (FLOOR(1 + RAND() * 60)), CONCAT('34AA', (FLOOR(1 + RAND() * 999))), '11.00', '2013-02-05 22:00:00', b'0', (FLOOR(1 + RAND() * 100000)), (FLOOR(1 + RAND() * 100)), 1, 1),
(NULL, '2013-02-05 22:00:00', '2013-02-05 22:00:00', CONCAT('Driver', (FLOOR(1 + RAND() * 60))), CONCAT('Ending Point', (FLOOR(1 + RAND() * 60))), '2013-02-05 22:00:00', (FLOOR(1 + RAND() * 60)), CONCAT('34AA', (FLOOR(1 + RAND() * 999))), '11.00', '2013-02-05 22:00:00', b'0', (FLOOR(1 + RAND() * 100000)), (FLOOR(1 + RAND() * 100)), 1, 1),
(NULL, '2013-02-05 22:00:00', '2013-02-05 22:00:00', CONCAT('Driver', (FLOOR(1 + RAND() * 60))), CONCAT('Ending Point', (FLOOR(1 + RAND() * 60))), '2013-02-05 22:00:00', (FLOOR(1 + RAND() * 60)), CONCAT('34AA', (FLOOR(1 + RAND() * 999))), '11.00', '2013-02-05 22:00:00', b'0', (FLOOR(1 + RAND() * 100000)), (FLOOR(1 + RAND() * 100)), 1, 1),
(NULL, '2013-02-05 22:00:00', '2013-02-05 22:00:00', CONCAT('Driver', (FLOOR(1 + RAND() * 60))), CONCAT('Ending Point', (FLOOR(1 + RAND() * 60))), '2013-02-05 22:00:00', (FLOOR(1 + RAND() * 60)), CONCAT('34AA', (FLOOR(1 + RAND() * 999))), '11.00', '2013-02-05 22:00:00', b'0', (FLOOR(1 + RAND() * 100000)), (FLOOR(1 + RAND() * 100)), 1, 1),
(NULL, '2013-02-05 22:00:00', '2013-02-05 22:00:00', CONCAT('Driver', (FLOOR(1 + RAND() * 60))), CONCAT('Ending Point', (FLOOR(1 + RAND() * 60))), '2013-02-05 22:00:00', (FLOOR(1 + RAND() * 60)), CONCAT('34AA', (FLOOR(1 + RAND() * 999))), '11.00', '2013-02-05 22:00:00', b'0', (FLOOR(1 + RAND() * 100000)), (FLOOR(1 + RAND() * 100)), 1, 1),
(NULL, '2013-02-05 22:00:00', '2013-02-05 22:00:00', CONCAT('Driver', (FLOOR(1 + RAND() * 60))), CONCAT('Ending Point', (FLOOR(1 + RAND() * 60))), '2013-02-05 22:00:00', (FLOOR(1 + RAND() * 60)), CONCAT('34AA', (FLOOR(1 + RAND() * 999))), '11.00', '2013-02-05 22:00:00', b'0', (FLOOR(1 + RAND() * 100000)), (FLOOR(1 + RAND() * 100)), 1, 1),
(NULL, '2013-02-05 22:00:00', '2013-02-05 22:00:00', CONCAT('Driver', (FLOOR(1 + RAND() * 60))), CONCAT('Ending Point', (FLOOR(1 + RAND() * 60))), '2013-02-05 22:00:00', (FLOOR(1 + RAND() * 60)), CONCAT('34AA', (FLOOR(1 + RAND() * 999))), '11.00', '2013-02-05 22:00:00', b'0', (FLOOR(1 + RAND() * 100000)), (FLOOR(1 + RAND() * 100)), 1, 1),
(NULL, '2013-02-05 22:00:00', '2013-02-05 22:00:00', CONCAT('Driver', (FLOOR(1 + RAND() * 60))), CONCAT('Ending Point', (FLOOR(1 + RAND() * 60))), '2013-02-05 22:00:00', (FLOOR(1 + RAND() * 60)), CONCAT('34AA', (FLOOR(1 + RAND() * 999))), '11.00', '2013-02-05 22:00:00', b'0', (FLOOR(1 + RAND() * 100000)), (FLOOR(1 + RAND() * 100)), 1, 1),
(NULL, '2013-02-05 22:00:00', '2013-02-05 22:00:00', CONCAT('Driver', (FLOOR(1 + RAND() * 60))), CONCAT('Ending Point', (FLOOR(1 + RAND() * 60))), '2013-02-05 22:00:00', (FLOOR(1 + RAND() * 60)), CONCAT('34AA', (FLOOR(1 + RAND() * 999))), '11.00', '2013-02-05 22:00:00', b'0', (FLOOR(1 + RAND() * 100000)), (FLOOR(1 + RAND() * 100)), 1, 1),
(NULL, '2013-02-05 22:00:00', '2013-02-05 22:00:00', CONCAT('Driver', (FLOOR(1 + RAND() * 60))), CONCAT('Ending Point', (FLOOR(1 + RAND() * 60))), '2013-02-05 22:00:00', (FLOOR(1 + RAND() * 60)), CONCAT('34AA', (FLOOR(1 + RAND() * 999))), '11.00', '2013-02-05 22:00:00', b'0', (FLOOR(1 + RAND() * 100000)), (FLOOR(1 + RAND() * 100)), 1, 1),
(NULL, '2013-02-05 22:00:00', '2013-02-05 22:00:00', CONCAT('Driver', (FLOOR(1 + RAND() * 60))), CONCAT('Ending Point', (FLOOR(1 + RAND() * 60))), '2013-02-05 22:00:00', (FLOOR(1 + RAND() * 60)), CONCAT('34AA', (FLOOR(1 + RAND() * 999))), '11.00', '2013-02-05 22:00:00', b'0', (FLOOR(1 + RAND() * 100000)), (FLOOR(1 + RAND() * 100)), 1, 1),
(NULL, '2013-02-05 22:00:00', '2013-02-05 22:00:00', CONCAT('Driver', (FLOOR(1 + RAND() * 60))), CONCAT('Ending Point', (FLOOR(1 + RAND() * 60))), '2013-02-05 22:00:00', (FLOOR(1 + RAND() * 60)), CONCAT('34AA', (FLOOR(1 + RAND() * 999))), '11.00', '2013-02-05 22:00:00', b'0', (FLOOR(1 + RAND() * 100000)), (FLOOR(1 + RAND() * 100)), 1, 1),
(NULL, '2013-02-05 22:00:00', '2013-02-05 22:00:00', CONCAT('Driver', (FLOOR(1 + RAND() * 60))), CONCAT('Ending Point', (FLOOR(1 + RAND() * 60))), '2013-02-05 22:00:00', (FLOOR(1 + RAND() * 60)), CONCAT('34AA', (FLOOR(1 + RAND() * 999))), '11.00', '2013-02-05 22:00:00', b'0', (FLOOR(1 + RAND() * 100000)), (FLOOR(1 + RAND() * 100)), 1, 1),
(NULL, '2013-02-05 22:00:00', '2013-02-05 22:00:00', CONCAT('Driver', (FLOOR(1 + RAND() * 60))), CONCAT('Ending Point', (FLOOR(1 + RAND() * 60))), '2013-02-05 22:00:00', (FLOOR(1 + RAND() * 60)), CONCAT('34AA', (FLOOR(1 + RAND() * 999))), '11.00', '2013-02-05 22:00:00', b'0', (FLOOR(1 + RAND() * 100000)), (FLOOR(1 + RAND() * 100)), 1, 1),
(NULL, '2013-02-05 22:00:00', '2013-02-05 22:00:00', CONCAT('Driver', (FLOOR(1 + RAND() * 60))), CONCAT('Ending Point', (FLOOR(1 + RAND() * 60))), '2013-02-05 22:00:00', (FLOOR(1 + RAND() * 60)), CONCAT('34AA', (FLOOR(1 + RAND() * 999))), '11.00', '2013-02-05 22:00:00', b'0', (FLOOR(1 + RAND() * 100000)), (FLOOR(1 + RAND() * 100)), 1, 1),
(NULL, '2013-02-05 22:00:00', '2013-02-05 22:00:00', CONCAT('Driver', (FLOOR(1 + RAND() * 60))), CONCAT('Ending Point', (FLOOR(1 + RAND() * 60))), '2013-02-05 22:00:00', (FLOOR(1 + RAND() * 60)), CONCAT('34AA', (FLOOR(1 + RAND() * 999))), '11.00', '2013-02-05 22:00:00', b'0', (FLOOR(1 + RAND() * 100000)), (FLOOR(1 + RAND() * 100)), 1, 1),
(NULL, '2013-02-05 22:00:00', '2013-02-05 22:00:00', CONCAT('Driver', (FLOOR(1 + RAND() * 60))), CONCAT('Ending Point', (FLOOR(1 + RAND() * 60))), '2013-02-05 22:00:00', (FLOOR(1 + RAND() * 60)), CONCAT('34AA', (FLOOR(1 + RAND() * 999))), '11.00', '2013-02-05 22:00:00', b'0', (FLOOR(1 + RAND() * 100000)), (FLOOR(1 + RAND() * 100)), 1, 1),
(NULL, '2013-02-05 22:00:00', '2013-02-05 22:00:00', CONCAT('Driver', (FLOOR(1 + RAND() * 60))), CONCAT('Ending Point', (FLOOR(1 + RAND() * 60))), '2013-02-05 22:00:00', (FLOOR(1 + RAND() * 60)), CONCAT('34AA', (FLOOR(1 + RAND() * 999))), '11.00', '2013-02-05 22:00:00', b'0', (FLOOR(1 + RAND() * 100000)), (FLOOR(1 + RAND() * 100)), 1, 1),
(NULL, '2013-02-05 22:00:00', '2013-02-05 22:00:00', CONCAT('Driver', (FLOOR(1 + RAND() * 60))), CONCAT('Ending Point', (FLOOR(1 + RAND() * 60))), '2013-02-05 22:00:00', (FLOOR(1 + RAND() * 60)), CONCAT('34AA', (FLOOR(1 + RAND() * 999))), '11.00', '2013-02-05 22:00:00', b'0', (FLOOR(1 + RAND() * 100000)), (FLOOR(1 + RAND() * 100)), 1, 1),
(NULL, '2013-02-05 22:00:00', '2013-02-05 22:00:00', CONCAT('Driver', (FLOOR(1 + RAND() * 60))), CONCAT('Ending Point', (FLOOR(1 + RAND() * 60))), '2013-02-05 22:00:00', (FLOOR(1 + RAND() * 60)), CONCAT('34AA', (FLOOR(1 + RAND() * 999))), '11.00', '2013-02-05 22:00:00', b'0', (FLOOR(1 + RAND() * 100000)), (FLOOR(1 + RAND() * 100)), 1, 1),
(NULL, '2013-02-05 22:00:00', '2013-02-05 22:00:00', CONCAT('Driver', (FLOOR(1 + RAND() * 60))), CONCAT('Ending Point', (FLOOR(1 + RAND() * 60))), '2013-02-05 22:00:00', (FLOOR(1 + RAND() * 60)), CONCAT('34AA', (FLOOR(1 + RAND() * 999))), '11.00', '2013-02-05 22:00:00', b'0', (FLOOR(1 + RAND() * 100000)), (FLOOR(1 + RAND() * 100)), 1, 1),
(NULL, '2013-02-05 22:00:00', '2013-02-05 22:00:00', CONCAT('Driver', (FLOOR(1 + RAND() * 60))), CONCAT('Ending Point', (FLOOR(1 + RAND() * 60))), '2013-02-05 22:00:00', (FLOOR(1 + RAND() * 60)), CONCAT('34AA', (FLOOR(1 + RAND() * 999))), '11.00', '2013-02-05 22:00:00', b'0', (FLOOR(1 + RAND() * 100000)), (FLOOR(1 + RAND() * 100)), 1, 1),
(NULL, '2013-02-05 22:00:00', '2013-02-05 22:00:00', CONCAT('Driver', (FLOOR(1 + RAND() * 60))), CONCAT('Ending Point', (FLOOR(1 + RAND() * 60))), '2013-02-05 22:00:00', (FLOOR(1 + RAND() * 60)), CONCAT('34AA', (FLOOR(1 + RAND() * 999))), '11.00', '2013-02-05 22:00:00', b'0', (FLOOR(1 + RAND() * 100000)), (FLOOR(1 + RAND() * 100)), 1, 1),
(NULL, '2013-02-05 22:00:00', '2013-02-05 22:00:00', CONCAT('Driver', (FLOOR(1 + RAND() * 60))), CONCAT('Ending Point', (FLOOR(1 + RAND() * 60))), '2013-02-05 22:00:00', (FLOOR(1 + RAND() * 60)), CONCAT('34AA', (FLOOR(1 + RAND() * 999))), '11.00', '2013-02-05 22:00:00', b'0', (FLOOR(1 + RAND() * 100000)), (FLOOR(1 + RAND() * 100)), 1, 1),
(NULL, '2013-02-05 22:00:00', '2013-02-05 22:00:00', CONCAT('Driver', (FLOOR(1 + RAND() * 60))), CONCAT('Ending Point', (FLOOR(1 + RAND() * 60))), '2013-02-05 22:00:00', (FLOOR(1 + RAND() * 60)), CONCAT('34AA', (FLOOR(1 + RAND() * 999))), '11.00', '2013-02-05 22:00:00', b'0', (FLOOR(1 + RAND() * 100000)), (FLOOR(1 + RAND() * 100)), 1, 1),
(NULL, '2013-02-05 22:00:00', '2013-02-05 22:00:00', CONCAT('Driver', (FLOOR(1 + RAND() * 60))), CONCAT('Ending Point', (FLOOR(1 + RAND() * 60))), '2013-02-05 22:00:00', (FLOOR(1 + RAND() * 60)), CONCAT('34AA', (FLOOR(1 + RAND() * 999))), '11.00', '2013-02-05 22:00:00', b'0', (FLOOR(1 + RAND() * 100000)), (FLOOR(1 + RAND() * 100)), 1, 1),
(NULL, '2013-02-05 22:00:00', '2013-02-05 22:00:00', CONCAT('Driver', (FLOOR(1 + RAND() * 60))), CONCAT('Ending Point', (FLOOR(1 + RAND() * 60))), '2013-02-05 22:00:00', (FLOOR(1 + RAND() * 60)), CONCAT('34AA', (FLOOR(1 + RAND() * 999))), '11.00', '2013-02-05 22:00:00', b'0', (FLOOR(1 + RAND() * 100000)), (FLOOR(1 + RAND() * 100)), 1, 1),
(NULL, '2013-02-05 22:00:00', '2013-02-05 22:00:00', CONCAT('Driver', (FLOOR(1 + RAND() * 60))), CONCAT('Ending Point', (FLOOR(1 + RAND() * 60))), '2013-02-05 22:00:00', (FLOOR(1 + RAND() * 60)), CONCAT('34AA', (FLOOR(1 + RAND() * 999))), '11.00', '2013-02-05 22:00:00', b'0', (FLOOR(1 + RAND() * 100000)), (FLOOR(1 + RAND() * 100)), 1, 1),
(NULL, '2013-02-05 22:00:00', '2013-02-05 22:00:00', CONCAT('Driver', (FLOOR(1 + RAND() * 60))), CONCAT('Ending Point', (FLOOR(1 + RAND() * 60))), '2013-02-05 22:00:00', (FLOOR(1 + RAND() * 60)), CONCAT('34AA', (FLOOR(1 + RAND() * 999))), '11.00', '2013-02-05 22:00:00', b'0', (FLOOR(1 + RAND() * 100000)), (FLOOR(1 + RAND() * 100)), 1, 1),
(NULL, '2013-02-05 22:00:00', '2013-02-05 22:00:00', CONCAT('Driver', (FLOOR(1 + RAND() * 60))), CONCAT('Ending Point', (FLOOR(1 + RAND() * 60))), '2013-02-05 22:00:00', (FLOOR(1 + RAND() * 60)), CONCAT('34AA', (FLOOR(1 + RAND() * 999))), '11.00', '2013-02-05 22:00:00', b'0', (FLOOR(1 + RAND() * 100000)), (FLOOR(1 + RAND() * 100)), 1, 1),
(NULL, '2013-02-05 22:00:00', '2013-02-05 22:00:00', CONCAT('Driver', (FLOOR(1 + RAND() * 60))), CONCAT('Ending Point', (FLOOR(1 + RAND() * 60))), '2013-02-05 22:00:00', (FLOOR(1 + RAND() * 60)), CONCAT('34AA', (FLOOR(1 + RAND() * 999))), '11.00', '2013-02-05 22:00:00', b'0', (FLOOR(1 + RAND() * 100000)), (FLOOR(1 + RAND() * 100)), 1, 1),
(NULL, '2013-02-05 22:00:00', '2013-02-05 22:00:00', CONCAT('Driver', (FLOOR(1 + RAND() * 60))), CONCAT('Ending Point', (FLOOR(1 + RAND() * 60))), '2013-02-05 22:00:00', (FLOOR(1 + RAND() * 60)), CONCAT('34AA', (FLOOR(1 + RAND() * 999))), '11.00', '2013-02-05 22:00:00', b'0', (FLOOR(1 + RAND() * 100000)), (FLOOR(1 + RAND() * 100)), 1, 1),
(NULL, '2013-02-05 22:00:00', '2013-02-05 22:00:00', CONCAT('Driver', (FLOOR(1 + RAND() * 60))), CONCAT('Ending Point', (FLOOR(1 + RAND() * 60))), '2013-02-05 22:00:00', (FLOOR(1 + RAND() * 60)), CONCAT('34AA', (FLOOR(1 + RAND() * 999))), '11.00', '2013-02-05 22:00:00', b'0', (FLOOR(1 + RAND() * 100000)), (FLOOR(1 + RAND() * 100)), 1, 1),
(NULL, '2013-02-05 22:00:00', '2013-02-05 22:00:00', CONCAT('Driver', (FLOOR(1 + RAND() * 60))), CONCAT('Ending Point', (FLOOR(1 + RAND() * 60))), '2013-02-05 22:00:00', (FLOOR(1 + RAND() * 60)), CONCAT('34AA', (FLOOR(1 + RAND() * 999))), '11.00', '2013-02-05 22:00:00', b'0', (FLOOR(1 + RAND() * 100000)), (FLOOR(1 + RAND() * 100)), 1, 1),
(NULL, '2013-02-05 22:00:00', '2013-02-05 22:00:00', CONCAT('Driver', (FLOOR(1 + RAND() * 60))), CONCAT('Ending Point', (FLOOR(1 + RAND() * 60))), '2013-02-05 22:00:00', (FLOOR(1 + RAND() * 60)), CONCAT('34AA', (FLOOR(1 + RAND() * 999))), '11.00', '2013-02-05 22:00:00', b'0', (FLOOR(1 + RAND() * 100000)), (FLOOR(1 + RAND() * 100)), 1, 1),
(NULL, '2013-02-05 22:00:00', '2013-02-05 22:00:00', CONCAT('Driver', (FLOOR(1 + RAND() * 60))), CONCAT('Ending Point', (FLOOR(1 + RAND() * 60))), '2013-02-05 22:00:00', (FLOOR(1 + RAND() * 60)), CONCAT('34AA', (FLOOR(1 + RAND() * 999))), '11.00', '2013-02-05 22:00:00', b'0', (FLOOR(1 + RAND() * 100000)), (FLOOR(1 + RAND() * 100)), 1, 1),
(NULL, '2013-02-05 22:00:00', '2013-02-05 22:00:00', CONCAT('Driver', (FLOOR(1 + RAND() * 60))), CONCAT('Ending Point', (FLOOR(1 + RAND() * 60))), '2013-02-05 22:00:00', (FLOOR(1 + RAND() * 60)), CONCAT('34AA', (FLOOR(1 + RAND() * 999))), '11.00', '2013-02-05 22:00:00', b'0', (FLOOR(1 + RAND() * 100000)), (FLOOR(1 + RAND() * 100)), 1, 1),
(NULL, '2013-02-05 22:00:00', '2013-02-05 22:00:00', CONCAT('Driver', (FLOOR(1 + RAND() * 60))), CONCAT('Ending Point', (FLOOR(1 + RAND() * 60))), '2013-02-05 22:00:00', (FLOOR(1 + RAND() * 60)), CONCAT('34AA', (FLOOR(1 + RAND() * 999))), '11.00', '2013-02-05 22:00:00', b'0', (FLOOR(1 + RAND() * 100000)), (FLOOR(1 + RAND() * 100)), 1, 1),
(NULL, '2013-02-05 22:00:00', '2013-02-05 22:00:00', CONCAT('Driver', (FLOOR(1 + RAND() * 60))), CONCAT('Ending Point', (FLOOR(1 + RAND() * 60))), '2013-02-05 22:00:00', (FLOOR(1 + RAND() * 60)), CONCAT('34AA', (FLOOR(1 + RAND() * 999))), '11.00', '2013-02-05 22:00:00', b'0', (FLOOR(1 + RAND() * 100000)), (FLOOR(1 + RAND() * 100)), 1, 1),
(NULL, '2013-02-05 22:00:00', '2013-02-05 22:00:00', CONCAT('Driver', (FLOOR(1 + RAND() * 60))), CONCAT('Ending Point', (FLOOR(1 + RAND() * 60))), '2013-02-05 22:00:00', (FLOOR(1 + RAND() * 60)), CONCAT('34AA', (FLOOR(1 + RAND() * 999))), '11.00', '2013-02-05 22:00:00', b'0', (FLOOR(1 + RAND() * 100000)), (FLOOR(1 + RAND() * 100)), 1, 1),
(NULL, '2013-02-05 22:00:00', '2013-02-05 22:00:00', CONCAT('Driver', (FLOOR(1 + RAND() * 60))), CONCAT('Ending Point', (FLOOR(1 + RAND() * 60))), '2013-02-05 22:00:00', (FLOOR(1 + RAND() * 60)), CONCAT('34AA', (FLOOR(1 + RAND() * 999))), '11.00', '2013-02-05 22:00:00', b'0', (FLOOR(1 + RAND() * 100000)), (FLOOR(1 + RAND() * 100)), 1, 1),
(NULL, '2013-02-05 22:00:00', '2013-02-05 22:00:00', CONCAT('Driver', (FLOOR(1 + RAND() * 60))), CONCAT('Ending Point', (FLOOR(1 + RAND() * 60))), '2013-02-05 22:00:00', (FLOOR(1 + RAND() * 60)), CONCAT('34AA', (FLOOR(1 + RAND() * 999))), '11.00', '2013-02-05 22:00:00', b'0', (FLOOR(1 + RAND() * 100000)), (FLOOR(1 + RAND() * 100)), 1, 1),
(NULL, '2013-02-05 22:00:00', '2013-02-05 22:00:00', CONCAT('Driver', (FLOOR(1 + RAND() * 60))), CONCAT('Ending Point', (FLOOR(1 + RAND() * 60))), '2013-02-05 22:00:00', (FLOOR(1 + RAND() * 60)), CONCAT('34AA', (FLOOR(1 + RAND() * 999))), '11.00', '2013-02-05 22:00:00', b'0', (FLOOR(1 + RAND() * 100000)), (FLOOR(1 + RAND() * 100)), 1, 1),
(NULL, '2013-02-05 22:00:00', '2013-02-05 22:00:00', CONCAT('Driver', (FLOOR(1 + RAND() * 60))), CONCAT('Ending Point', (FLOOR(1 + RAND() * 60))), '2013-02-05 22:00:00', (FLOOR(1 + RAND() * 60)), CONCAT('34AA', (FLOOR(1 + RAND() * 999))), '11.00', '2013-02-05 22:00:00', b'0', (FLOOR(1 + RAND() * 100000)), (FLOOR(1 + RAND() * 100)), 1, 1),
(NULL, '2013-02-05 22:00:00', '2013-02-05 22:00:00', CONCAT('Driver', (FLOOR(1 + RAND() * 60))), CONCAT('Ending Point', (FLOOR(1 + RAND() * 60))), '2013-02-05 22:00:00', (FLOOR(1 + RAND() * 60)), CONCAT('34AA', (FLOOR(1 + RAND() * 999))), '11.00', '2013-02-05 22:00:00', b'0', (FLOOR(1 + RAND() * 100000)), (FLOOR(1 + RAND() * 100)), 1, 1),
(NULL, '2013-02-05 22:00:00', '2013-02-05 22:00:00', CONCAT('Driver', (FLOOR(1 + RAND() * 60))), CONCAT('Ending Point', (FLOOR(1 + RAND() * 60))), '2013-02-05 22:00:00', (FLOOR(1 + RAND() * 60)), CONCAT('34AA', (FLOOR(1 + RAND() * 999))), '11.00', '2013-02-05 22:00:00', b'0', (FLOOR(1 + RAND() * 100000)), (FLOOR(1 + RAND() * 100)), 1, 1),
(NULL, '2013-02-05 22:00:00', '2013-02-05 22:00:00', CONCAT('Driver', (FLOOR(1 + RAND() * 60))), CONCAT('Ending Point', (FLOOR(1 + RAND() * 60))), '2013-02-05 22:00:00', (FLOOR(1 + RAND() * 60)), CONCAT('34AA', (FLOOR(1 + RAND() * 999))), '11.00', '2013-02-05 22:00:00', b'0', (FLOOR(1 + RAND() * 100000)), (FLOOR(1 + RAND() * 100)), 1, 1),
(NULL, '2013-02-05 22:00:00', '2013-02-05 22:00:00', CONCAT('Driver', (FLOOR(1 + RAND() * 60))), CONCAT('Ending Point', (FLOOR(1 + RAND() * 60))), '2013-02-05 22:00:00', (FLOOR(1 + RAND() * 60)), CONCAT('34AA', (FLOOR(1 + RAND() * 999))), '11.00', '2013-02-05 22:00:00', b'0', (FLOOR(1 + RAND() * 100000)), (FLOOR(1 + RAND() * 100)), 1, 1),
(NULL, '2013-02-05 22:00:00', '2013-02-05 22:00:00', CONCAT('Driver', (FLOOR(1 + RAND() * 60))), CONCAT('Ending Point', (FLOOR(1 + RAND() * 60))), '2013-02-05 22:00:00', (FLOOR(1 + RAND() * 60)), CONCAT('34AA', (FLOOR(1 + RAND() * 999))), '11.00', '2013-02-05 22:00:00', b'0', (FLOOR(1 + RAND() * 100000)), (FLOOR(1 + RAND() * 100)), 1, 1),
(NULL, '2013-02-05 22:00:00', '2013-02-05 22:00:00', CONCAT('Driver', (FLOOR(1 + RAND() * 60))), CONCAT('Ending Point', (FLOOR(1 + RAND() * 60))), '2013-02-05 22:00:00', (FLOOR(1 + RAND() * 60)), CONCAT('34AA', (FLOOR(1 + RAND() * 999))), '11.00', '2013-02-05 22:00:00', b'0', (FLOOR(1 + RAND() * 100000)), (FLOOR(1 + RAND() * 100)), 1, 1),
(NULL, '2013-02-05 22:00:00', '2013-02-05 22:00:00', CONCAT('Driver', (FLOOR(1 + RAND() * 60))), CONCAT('Ending Point', (FLOOR(1 + RAND() * 60))), '2013-02-05 22:00:00', (FLOOR(1 + RAND() * 60)), CONCAT('34AA', (FLOOR(1 + RAND() * 999))), '11.00', '2013-02-05 22:00:00', b'0', (FLOOR(1 + RAND() * 100000)), (FLOOR(1 + RAND() * 100)), 1, 1);

INSERT INTO `trip` (`id`, `createdAt`, `updatedAt`, `endingKm`, `endingPoint`, `endingTime`, `loadWeightInTonne`, `remark`, `startingKm`, `startingPoint`, `startingTime`, `submitted`, `account_id`, `driver_id`, `truck_id`) VALUES
(NULL, '2013-02-05 22:00:00', '2013-02-05 22:00:00', 12, SUBSTRING(MD5(RAND()) FROM 1 FOR 6), '2013-02-05 22:00:00', (FLOOR(1 + RAND() * 60)), SUBSTRING(MD5(RAND()) FROM 1 FOR 6), 12, SUBSTRING(MD5(RAND()) FROM 1 FOR 6), '2013-02-05 22:00:00', b'0', (FLOOR(1 + RAND() * 100)), 1, 1),
(NULL, '2013-02-05 22:00:00', '2013-02-05 22:00:00', 12, SUBSTRING(MD5(RAND()) FROM 1 FOR 6), '2013-02-05 22:00:00', (FLOOR(1 + RAND() * 60)), SUBSTRING(MD5(RAND()) FROM 1 FOR 6), 12, SUBSTRING(MD5(RAND()) FROM 1 FOR 6), '2013-02-05 22:00:00', b'0', (FLOOR(1 + RAND() * 100)), 1, 1),
(NULL, '2013-02-05 22:00:00', '2013-02-05 22:00:00', 12, SUBSTRING(MD5(RAND()) FROM 1 FOR 6), '2013-02-05 22:00:00', (FLOOR(1 + RAND() * 60)), SUBSTRING(MD5(RAND()) FROM 1 FOR 6), 12, SUBSTRING(MD5(RAND()) FROM 1 FOR 6), '2013-02-05 22:00:00', b'0', (FLOOR(1 + RAND() * 100)), 1, 1),
(NULL, '2013-02-05 22:00:00', '2013-02-05 22:00:00', 12, SUBSTRING(MD5(RAND()) FROM 1 FOR 6), '2013-02-05 22:00:00', (FLOOR(1 + RAND() * 60)), SUBSTRING(MD5(RAND()) FROM 1 FOR 6), 12, SUBSTRING(MD5(RAND()) FROM 1 FOR 6), '2013-02-05 22:00:00', b'0', (FLOOR(1 + RAND() * 100)), 1, 1),
(NULL, '2013-02-05 22:00:00', '2013-02-05 22:00:00', 12, SUBSTRING(MD5(RAND()) FROM 1 FOR 6), '2013-02-05 22:00:00', (FLOOR(1 + RAND() * 60)), SUBSTRING(MD5(RAND()) FROM 1 FOR 6), 12, SUBSTRING(MD5(RAND()) FROM 1 FOR 6), '2013-02-05 22:00:00', b'0', (FLOOR(1 + RAND() * 100)), 1, 1),
(NULL, '2013-02-05 22:00:00', '2013-02-05 22:00:00', 12, SUBSTRING(MD5(RAND()) FROM 1 FOR 6), '2013-02-05 22:00:00', (FLOOR(1 + RAND() * 60)), SUBSTRING(MD5(RAND()) FROM 1 FOR 6), 12, SUBSTRING(MD5(RAND()) FROM 1 FOR 6), '2013-02-05 22:00:00', b'0', (FLOOR(1 + RAND() * 100)), 1, 1),
(NULL, '2013-02-05 22:00:00', '2013-02-05 22:00:00', 12, SUBSTRING(MD5(RAND()) FROM 1 FOR 6), '2013-02-05 22:00:00', (FLOOR(1 + RAND() * 60)), SUBSTRING(MD5(RAND()) FROM 1 FOR 6), 12, SUBSTRING(MD5(RAND()) FROM 1 FOR 6), '2013-02-05 22:00:00', b'0', (FLOOR(1 + RAND() * 100)), 1, 1),
(NULL, '2013-02-05 22:00:00', '2013-02-05 22:00:00', 12, SUBSTRING(MD5(RAND()) FROM 1 FOR 6), '2013-02-05 22:00:00', (FLOOR(1 + RAND() * 60)), SUBSTRING(MD5(RAND()) FROM 1 FOR 6), 12, SUBSTRING(MD5(RAND()) FROM 1 FOR 6), '2013-02-05 22:00:00', b'0', (FLOOR(1 + RAND() * 100)), 1, 1),
(NULL, '2013-02-05 22:00:00', '2013-02-05 22:00:00', 12, SUBSTRING(MD5(RAND()) FROM 1 FOR 6), '2013-02-05 22:00:00', (FLOOR(1 + RAND() * 60)), SUBSTRING(MD5(RAND()) FROM 1 FOR 6), 12, SUBSTRING(MD5(RAND()) FROM 1 FOR 6), '2013-02-05 22:00:00', b'0', (FLOOR(1 + RAND() * 100)), 1, 1),
(NULL, '2013-02-05 22:00:00', '2013-02-05 22:00:00', 12, SUBSTRING(MD5(RAND()) FROM 1 FOR 6), '2013-02-05 22:00:00', (FLOOR(1 + RAND() * 60)), SUBSTRING(MD5(RAND()) FROM 1 FOR 6), 12, SUBSTRING(MD5(RAND()) FROM 1 FOR 6), '2013-02-05 22:00:00', b'0', (FLOOR(1 + RAND() * 100)), 1, 1),
(NULL, '2013-02-05 22:00:00', '2013-02-05 22:00:00', 12, SUBSTRING(MD5(RAND()) FROM 1 FOR 6), '2013-02-05 22:00:00', (FLOOR(1 + RAND() * 60)), SUBSTRING(MD5(RAND()) FROM 1 FOR 6), 12, SUBSTRING(MD5(RAND()) FROM 1 FOR 6), '2013-02-05 22:00:00', b'0', (FLOOR(1 + RAND() * 100)), 1, 1),
(NULL, '2013-02-05 22:00:00', '2013-02-05 22:00:00', 12, SUBSTRING(MD5(RAND()) FROM 1 FOR 6), '2013-02-05 22:00:00', (FLOOR(1 + RAND() * 60)), SUBSTRING(MD5(RAND()) FROM 1 FOR 6), 12, SUBSTRING(MD5(RAND()) FROM 1 FOR 6), '2013-02-05 22:00:00', b'0', (FLOOR(1 + RAND() * 100)), 1, 1),
(NULL, '2013-02-05 22:00:00', '2013-02-05 22:00:00', 12, SUBSTRING(MD5(RAND()) FROM 1 FOR 6), '2013-02-05 22:00:00', (FLOOR(1 + RAND() * 60)), SUBSTRING(MD5(RAND()) FROM 1 FOR 6), 12, SUBSTRING(MD5(RAND()) FROM 1 FOR 6), '2013-02-05 22:00:00', b'0', (FLOOR(1 + RAND() * 100)), 1, 1),
(NULL, '2013-02-05 22:00:00', '2013-02-05 22:00:00', 12, SUBSTRING(MD5(RAND()) FROM 1 FOR 6), '2013-02-05 22:00:00', (FLOOR(1 + RAND() * 60)), SUBSTRING(MD5(RAND()) FROM 1 FOR 6), 12, SUBSTRING(MD5(RAND()) FROM 1 FOR 6), '2013-02-05 22:00:00', b'0', (FLOOR(1 + RAND() * 100)), 1, 1),
(NULL, '2013-02-05 22:00:00', '2013-02-05 22:00:00', 12, SUBSTRING(MD5(RAND()) FROM 1 FOR 6), '2013-02-05 22:00:00', (FLOOR(1 + RAND() * 60)), SUBSTRING(MD5(RAND()) FROM 1 FOR 6), 12, SUBSTRING(MD5(RAND()) FROM 1 FOR 6), '2013-02-05 22:00:00', b'0', (FLOOR(1 + RAND() * 100)), 1, 1),
(NULL, '2013-02-05 22:00:00', '2013-02-05 22:00:00', 12, SUBSTRING(MD5(RAND()) FROM 1 FOR 6), '2013-02-05 22:00:00', (FLOOR(1 + RAND() * 60)), SUBSTRING(MD5(RAND()) FROM 1 FOR 6), 12, SUBSTRING(MD5(RAND()) FROM 1 FOR 6), '2013-02-05 22:00:00', b'0', (FLOOR(1 + RAND() * 100)), 1, 1),
(NULL, '2013-02-05 22:00:00', '2013-02-05 22:00:00', 12, SUBSTRING(MD5(RAND()) FROM 1 FOR 6), '2013-02-05 22:00:00', (FLOOR(1 + RAND() * 60)), SUBSTRING(MD5(RAND()) FROM 1 FOR 6), 12, SUBSTRING(MD5(RAND()) FROM 1 FOR 6), '2013-02-05 22:00:00', b'0', (FLOOR(1 + RAND() * 100)), 1, 1),
(NULL, '2013-02-05 22:00:00', '2013-02-05 22:00:00', 12, SUBSTRING(MD5(RAND()) FROM 1 FOR 6), '2013-02-05 22:00:00', (FLOOR(1 + RAND() * 60)), SUBSTRING(MD5(RAND()) FROM 1 FOR 6), 12, SUBSTRING(MD5(RAND()) FROM 1 FOR 6), '2013-02-05 22:00:00', b'0', (FLOOR(1 + RAND() * 100)), 1, 1),
(NULL, '2013-02-05 22:00:00', '2013-02-05 22:00:00', 12, SUBSTRING(MD5(RAND()) FROM 1 FOR 6), '2013-02-05 22:00:00', (FLOOR(1 + RAND() * 60)), SUBSTRING(MD5(RAND()) FROM 1 FOR 6), 12, SUBSTRING(MD5(RAND()) FROM 1 FOR 6), '2013-02-05 22:00:00', b'0', (FLOOR(1 + RAND() * 100)), 1, 1),
(NULL, '2013-02-05 22:00:00', '2013-02-05 22:00:00', 12, SUBSTRING(MD5(RAND()) FROM 1 FOR 6), '2013-02-05 22:00:00', (FLOOR(1 + RAND() * 60)), SUBSTRING(MD5(RAND()) FROM 1 FOR 6), 12, SUBSTRING(MD5(RAND()) FROM 1 FOR 6), '2013-02-05 22:00:00', b'0', (FLOOR(1 + RAND() * 100)), 1, 1),
(NULL, '2013-02-05 22:00:00', '2013-02-05 22:00:00', 12, SUBSTRING(MD5(RAND()) FROM 1 FOR 6), '2013-02-05 22:00:00', (FLOOR(1 + RAND() * 60)), SUBSTRING(MD5(RAND()) FROM 1 FOR 6), 12, SUBSTRING(MD5(RAND()) FROM 1 FOR 6), '2013-02-05 22:00:00', b'0', (FLOOR(1 + RAND() * 100)), 1, 1),
(NULL, '2013-02-05 22:00:00', '2013-02-05 22:00:00', 12, SUBSTRING(MD5(RAND()) FROM 1 FOR 6), '2013-02-05 22:00:00', (FLOOR(1 + RAND() * 60)), SUBSTRING(MD5(RAND()) FROM 1 FOR 6), 12, SUBSTRING(MD5(RAND()) FROM 1 FOR 6), '2013-02-05 22:00:00', b'0', (FLOOR(1 + RAND() * 100)), 1, 1),
(NULL, '2013-02-05 22:00:00', '2013-02-05 22:00:00', 12, SUBSTRING(MD5(RAND()) FROM 1 FOR 6), '2013-02-05 22:00:00', (FLOOR(1 + RAND() * 60)), SUBSTRING(MD5(RAND()) FROM 1 FOR 6), 12, SUBSTRING(MD5(RAND()) FROM 1 FOR 6), '2013-02-05 22:00:00', b'0', (FLOOR(1 + RAND() * 100)), 1, 1),
(NULL, '2013-02-05 22:00:00', '2013-02-05 22:00:00', 12, SUBSTRING(MD5(RAND()) FROM 1 FOR 6), '2013-02-05 22:00:00', (FLOOR(1 + RAND() * 60)), SUBSTRING(MD5(RAND()) FROM 1 FOR 6), 12, SUBSTRING(MD5(RAND()) FROM 1 FOR 6), '2013-02-05 22:00:00', b'0', (FLOOR(1 + RAND() * 100)), 1, 1),
(NULL, '2013-02-05 22:00:00', '2013-02-05 22:00:00', 12, SUBSTRING(MD5(RAND()) FROM 1 FOR 6), '2013-02-05 22:00:00', (FLOOR(1 + RAND() * 60)), SUBSTRING(MD5(RAND()) FROM 1 FOR 6), 12, SUBSTRING(MD5(RAND()) FROM 1 FOR 6), '2013-02-05 22:00:00', b'0', (FLOOR(1 + RAND() * 100)), 1, 1),
(NULL, '2013-02-05 22:00:00', '2013-02-05 22:00:00', 12, SUBSTRING(MD5(RAND()) FROM 1 FOR 6), '2013-02-05 22:00:00', (FLOOR(1 + RAND() * 60)), SUBSTRING(MD5(RAND()) FROM 1 FOR 6), 12, SUBSTRING(MD5(RAND()) FROM 1 FOR 6), '2013-02-05 22:00:00', b'0', (FLOOR(1 + RAND() * 100)), 1, 1),
(NULL, '2013-02-05 22:00:00', '2013-02-05 22:00:00', 12, SUBSTRING(MD5(RAND()) FROM 1 FOR 6), '2013-02-05 22:00:00', (FLOOR(1 + RAND() * 60)), SUBSTRING(MD5(RAND()) FROM 1 FOR 6), 12, SUBSTRING(MD5(RAND()) FROM 1 FOR 6), '2013-02-05 22:00:00', b'0', (FLOOR(1 + RAND() * 100)), 1, 1),
(NULL, '2013-02-05 22:00:00', '2013-02-05 22:00:00', 12, SUBSTRING(MD5(RAND()) FROM 1 FOR 6), '2013-02-05 22:00:00', (FLOOR(1 + RAND() * 60)), SUBSTRING(MD5(RAND()) FROM 1 FOR 6), 12, SUBSTRING(MD5(RAND()) FROM 1 FOR 6), '2013-02-05 22:00:00', b'0', (FLOOR(1 + RAND() * 100)), 1, 1),
(NULL, '2013-02-05 22:00:00', '2013-02-05 22:00:00', 12, SUBSTRING(MD5(RAND()) FROM 1 FOR 6), '2013-02-05 22:00:00', (FLOOR(1 + RAND() * 60)), SUBSTRING(MD5(RAND()) FROM 1 FOR 6), 12, SUBSTRING(MD5(RAND()) FROM 1 FOR 6), '2013-02-05 22:00:00', b'0', (FLOOR(1 + RAND() * 100)), 1, 1),
(NULL, '2013-02-05 22:00:00', '2013-02-05 22:00:00', 12, SUBSTRING(MD5(RAND()) FROM 1 FOR 6), '2013-02-05 22:00:00', (FLOOR(1 + RAND() * 60)), SUBSTRING(MD5(RAND()) FROM 1 FOR 6), 12, SUBSTRING(MD5(RAND()) FROM 1 FOR 6), '2013-02-05 22:00:00', b'0', (FLOOR(1 + RAND() * 100)), 1, 1),
(NULL, '2013-02-05 22:00:00', '2013-02-05 22:00:00', 12, SUBSTRING(MD5(RAND()) FROM 1 FOR 6), '2013-02-05 22:00:00', (FLOOR(1 + RAND() * 60)), SUBSTRING(MD5(RAND()) FROM 1 FOR 6), 12, SUBSTRING(MD5(RAND()) FROM 1 FOR 6), '2013-02-05 22:00:00', b'0', (FLOOR(1 + RAND() * 100)), 1, 1),
(NULL, '2013-02-05 22:00:00', '2013-02-05 22:00:00', 12, SUBSTRING(MD5(RAND()) FROM 1 FOR 6), '2013-02-05 22:00:00', (FLOOR(1 + RAND() * 60)), SUBSTRING(MD5(RAND()) FROM 1 FOR 6), 12, SUBSTRING(MD5(RAND()) FROM 1 FOR 6), '2013-02-05 22:00:00', b'0', (FLOOR(1 + RAND() * 100)), 1, 1),
(NULL, '2013-02-05 22:00:00', '2013-02-05 22:00:00', 12, SUBSTRING(MD5(RAND()) FROM 1 FOR 6), '2013-02-05 22:00:00', (FLOOR(1 + RAND() * 60)), SUBSTRING(MD5(RAND()) FROM 1 FOR 6), 12, SUBSTRING(MD5(RAND()) FROM 1 FOR 6), '2013-02-05 22:00:00', b'0', (FLOOR(1 + RAND() * 100)), 1, 1),
(NULL, '2013-02-05 22:00:00', '2013-02-05 22:00:00', 12, SUBSTRING(MD5(RAND()) FROM 1 FOR 6), '2013-02-05 22:00:00', (FLOOR(1 + RAND() * 60)), SUBSTRING(MD5(RAND()) FROM 1 FOR 6), 12, SUBSTRING(MD5(RAND()) FROM 1 FOR 6), '2013-02-05 22:00:00', b'0', (FLOOR(1 + RAND() * 100)), 1, 1),
(NULL, '2013-02-05 22:00:00', '2013-02-05 22:00:00', 12, SUBSTRING(MD5(RAND()) FROM 1 FOR 6), '2013-02-05 22:00:00', (FLOOR(1 + RAND() * 60)), SUBSTRING(MD5(RAND()) FROM 1 FOR 6), 12, SUBSTRING(MD5(RAND()) FROM 1 FOR 6), '2013-02-05 22:00:00', b'0', (FLOOR(1 + RAND() * 100)), 1, 1),
(NULL, '2013-02-05 22:00:00', '2013-02-05 22:00:00', 12, SUBSTRING(MD5(RAND()) FROM 1 FOR 6), '2013-02-05 22:00:00', (FLOOR(1 + RAND() * 60)), SUBSTRING(MD5(RAND()) FROM 1 FOR 6), 12, SUBSTRING(MD5(RAND()) FROM 1 FOR 6), '2013-02-05 22:00:00', b'0', (FLOOR(1 + RAND() * 100)), 1, 1),
(NULL, '2013-02-05 22:00:00', '2013-02-05 22:00:00', 12, SUBSTRING(MD5(RAND()) FROM 1 FOR 6), '2013-02-05 22:00:00', (FLOOR(1 + RAND() * 60)), SUBSTRING(MD5(RAND()) FROM 1 FOR 6), 12, SUBSTRING(MD5(RAND()) FROM 1 FOR 6), '2013-02-05 22:00:00', b'0', (FLOOR(1 + RAND() * 100)), 1, 1),
(NULL, '2013-02-05 22:00:00', '2013-02-05 22:00:00', 12, SUBSTRING(MD5(RAND()) FROM 1 FOR 6), '2013-02-05 22:00:00', (FLOOR(1 + RAND() * 60)), SUBSTRING(MD5(RAND()) FROM 1 FOR 6), 12, SUBSTRING(MD5(RAND()) FROM 1 FOR 6), '2013-02-05 22:00:00', b'0', (FLOOR(1 + RAND() * 100)), 1, 1),
(NULL, '2013-02-05 22:00:00', '2013-02-05 22:00:00', 12, SUBSTRING(MD5(RAND()) FROM 1 FOR 6), '2013-02-05 22:00:00', (FLOOR(1 + RAND() * 60)), SUBSTRING(MD5(RAND()) FROM 1 FOR 6), 12, SUBSTRING(MD5(RAND()) FROM 1 FOR 6), '2013-02-05 22:00:00', b'0', (FLOOR(1 + RAND() * 100)), 1, 1),
(NULL, '2013-02-05 22:00:00', '2013-02-05 22:00:00', 12, SUBSTRING(MD5(RAND()) FROM 1 FOR 6), '2013-02-05 22:00:00', (FLOOR(1 + RAND() * 60)), SUBSTRING(MD5(RAND()) FROM 1 FOR 6), 12, SUBSTRING(MD5(RAND()) FROM 1 FOR 6), '2013-02-05 22:00:00', b'0', (FLOOR(1 + RAND() * 100)), 1, 1),
(NULL, '2013-02-05 22:00:00', '2013-02-05 22:00:00', 12, SUBSTRING(MD5(RAND()) FROM 1 FOR 6), '2013-02-05 22:00:00', (FLOOR(1 + RAND() * 60)), SUBSTRING(MD5(RAND()) FROM 1 FOR 6), 12, SUBSTRING(MD5(RAND()) FROM 1 FOR 6), '2013-02-05 22:00:00', b'0', (FLOOR(1 + RAND() * 100)), 1, 1),
(NULL, '2013-02-05 22:00:00', '2013-02-05 22:00:00', 12, SUBSTRING(MD5(RAND()) FROM 1 FOR 6), '2013-02-05 22:00:00', (FLOOR(1 + RAND() * 60)), SUBSTRING(MD5(RAND()) FROM 1 FOR 6), 12, SUBSTRING(MD5(RAND()) FROM 1 FOR 6), '2013-02-05 22:00:00', b'0', (FLOOR(1 + RAND() * 100)), 1, 1),
(NULL, '2013-02-05 22:00:00', '2013-02-05 22:00:00', 12, SUBSTRING(MD5(RAND()) FROM 1 FOR 6), '2013-02-05 22:00:00', (FLOOR(1 + RAND() * 60)), SUBSTRING(MD5(RAND()) FROM 1 FOR 6), 12, SUBSTRING(MD5(RAND()) FROM 1 FOR 6), '2013-02-05 22:00:00', b'0', (FLOOR(1 + RAND() * 100)), 1, 1),
(NULL, '2013-02-05 22:00:00', '2013-02-05 22:00:00', 12, SUBSTRING(MD5(RAND()) FROM 1 FOR 6), '2013-02-05 22:00:00', (FLOOR(1 + RAND() * 60)), SUBSTRING(MD5(RAND()) FROM 1 FOR 6), 12, SUBSTRING(MD5(RAND()) FROM 1 FOR 6), '2013-02-05 22:00:00', b'0', (FLOOR(1 + RAND() * 100)), 1, 1),
(NULL, '2013-02-05 22:00:00', '2013-02-05 22:00:00', 12, SUBSTRING(MD5(RAND()) FROM 1 FOR 6), '2013-02-05 22:00:00', (FLOOR(1 + RAND() * 60)), SUBSTRING(MD5(RAND()) FROM 1 FOR 6), 12, SUBSTRING(MD5(RAND()) FROM 1 FOR 6), '2013-02-05 22:00:00', b'0', (FLOOR(1 + RAND() * 100)), 1, 1),
(NULL, '2013-02-05 22:00:00', '2013-02-05 22:00:00', 12, SUBSTRING(MD5(RAND()) FROM 1 FOR 6), '2013-02-05 22:00:00', (FLOOR(1 + RAND() * 60)), SUBSTRING(MD5(RAND()) FROM 1 FOR 6), 12, SUBSTRING(MD5(RAND()) FROM 1 FOR 6), '2013-02-05 22:00:00', b'0', (FLOOR(1 + RAND() * 100)), 1, 1),
(NULL, '2013-02-05 22:00:00', '2013-02-05 22:00:00', 12, SUBSTRING(MD5(RAND()) FROM 1 FOR 6), '2013-02-05 22:00:00', (FLOOR(1 + RAND() * 60)), SUBSTRING(MD5(RAND()) FROM 1 FOR 6), 12, SUBSTRING(MD5(RAND()) FROM 1 FOR 6), '2013-02-05 22:00:00', b'0', (FLOOR(1 + RAND() * 100)), 1, 1),
(NULL, '2013-02-05 22:00:00', '2013-02-05 22:00:00', 12, SUBSTRING(MD5(RAND()) FROM 1 FOR 6), '2013-02-05 22:00:00', (FLOOR(1 + RAND() * 60)), SUBSTRING(MD5(RAND()) FROM 1 FOR 6), 12, SUBSTRING(MD5(RAND()) FROM 1 FOR 6), '2013-02-05 22:00:00', b'0', (FLOOR(1 + RAND() * 100)), 1, 1),
(NULL, '2013-02-05 22:00:00', '2013-02-05 22:00:00', 12, SUBSTRING(MD5(RAND()) FROM 1 FOR 6), '2013-02-05 22:00:00', (FLOOR(1 + RAND() * 60)), SUBSTRING(MD5(RAND()) FROM 1 FOR 6), 12, SUBSTRING(MD5(RAND()) FROM 1 FOR 6), '2013-02-05 22:00:00', b'0', (FLOOR(1 + RAND() * 100)), 1, 1),
(NULL, '2013-02-05 22:00:00', '2013-02-05 22:00:00', 12, SUBSTRING(MD5(RAND()) FROM 1 FOR 6), '2013-02-05 22:00:00', (FLOOR(1 + RAND() * 60)), SUBSTRING(MD5(RAND()) FROM 1 FOR 6), 12, SUBSTRING(MD5(RAND()) FROM 1 FOR 6), '2013-02-05 22:00:00', b'0', (FLOOR(1 + RAND() * 100)), 1, 1),
(NULL, '2013-02-05 22:00:00', '2013-02-05 22:00:00', 12, SUBSTRING(MD5(RAND()) FROM 1 FOR 6), '2013-02-05 22:00:00', (FLOOR(1 + RAND() * 60)), SUBSTRING(MD5(RAND()) FROM 1 FOR 6), 12, SUBSTRING(MD5(RAND()) FROM 1 FOR 6), '2013-02-05 22:00:00', b'0', (FLOOR(1 + RAND() * 100)), 1, 1),
(NULL, '2013-02-05 22:00:00', '2013-02-05 22:00:00', 12, SUBSTRING(MD5(RAND()) FROM 1 FOR 6), '2013-02-05 22:00:00', (FLOOR(1 + RAND() * 60)), SUBSTRING(MD5(RAND()) FROM 1 FOR 6), 12, SUBSTRING(MD5(RAND()) FROM 1 FOR 6), '2013-02-05 22:00:00', b'0', (FLOOR(1 + RAND() * 100)), 1, 1),
(NULL, '2013-02-05 22:00:00', '2013-02-05 22:00:00', 12, SUBSTRING(MD5(RAND()) FROM 1 FOR 6), '2013-02-05 22:00:00', (FLOOR(1 + RAND() * 60)), SUBSTRING(MD5(RAND()) FROM 1 FOR 6), 12, SUBSTRING(MD5(RAND()) FROM 1 FOR 6), '2013-02-05 22:00:00', b'0', (FLOOR(1 + RAND() * 100)), 1, 1),
(NULL, '2013-02-05 22:00:00', '2013-02-05 22:00:00', 12, SUBSTRING(MD5(RAND()) FROM 1 FOR 6), '2013-02-05 22:00:00', (FLOOR(1 + RAND() * 60)), SUBSTRING(MD5(RAND()) FROM 1 FOR 6), 12, SUBSTRING(MD5(RAND()) FROM 1 FOR 6), '2013-02-05 22:00:00', b'0', (FLOOR(1 + RAND() * 100)), 1, 1),
(NULL, '2013-02-05 22:00:00', '2013-02-05 22:00:00', 12, SUBSTRING(MD5(RAND()) FROM 1 FOR 6), '2013-02-05 22:00:00', (FLOOR(1 + RAND() * 60)), SUBSTRING(MD5(RAND()) FROM 1 FOR 6), 12, SUBSTRING(MD5(RAND()) FROM 1 FOR 6), '2013-02-05 22:00:00', b'0', (FLOOR(1 + RAND() * 100)), 1, 1),
(NULL, '2013-02-05 22:00:00', '2013-02-05 22:00:00', 12, SUBSTRING(MD5(RAND()) FROM 1 FOR 6), '2013-02-05 22:00:00', (FLOOR(1 + RAND() * 60)), SUBSTRING(MD5(RAND()) FROM 1 FOR 6), 12, SUBSTRING(MD5(RAND()) FROM 1 FOR 6), '2013-02-05 22:00:00', b'0', (FLOOR(1 + RAND() * 100)), 1, 1),
(NULL, '2013-02-05 22:00:00', '2013-02-05 22:00:00', 12, SUBSTRING(MD5(RAND()) FROM 1 FOR 6), '2013-02-05 22:00:00', (FLOOR(1 + RAND() * 60)), SUBSTRING(MD5(RAND()) FROM 1 FOR 6), 12, SUBSTRING(MD5(RAND()) FROM 1 FOR 6), '2013-02-05 22:00:00', b'0', (FLOOR(1 + RAND() * 100)), 1, 1),
(NULL, '2013-02-05 22:00:00', '2013-02-05 22:00:00', 12, SUBSTRING(MD5(RAND()) FROM 1 FOR 6), '2013-02-05 22:00:00', (FLOOR(1 + RAND() * 60)), SUBSTRING(MD5(RAND()) FROM 1 FOR 6), 12, SUBSTRING(MD5(RAND()) FROM 1 FOR 6), '2013-02-05 22:00:00', b'0', (FLOOR(1 + RAND() * 100)), 1, 1),
(NULL, '2013-02-05 22:00:00', '2013-02-05 22:00:00', 12, SUBSTRING(MD5(RAND()) FROM 1 FOR 6), '2013-02-05 22:00:00', (FLOOR(1 + RAND() * 60)), SUBSTRING(MD5(RAND()) FROM 1 FOR 6), 12, SUBSTRING(MD5(RAND()) FROM 1 FOR 6), '2013-02-05 22:00:00', b'0', (FLOOR(1 + RAND() * 100)), 1, 1),
(NULL, '2013-02-05 22:00:00', '2013-02-05 22:00:00', 12, SUBSTRING(MD5(RAND()) FROM 1 FOR 6), '2013-02-05 22:00:00', (FLOOR(1 + RAND() * 60)), SUBSTRING(MD5(RAND()) FROM 1 FOR 6), 12, SUBSTRING(MD5(RAND()) FROM 1 FOR 6), '2013-02-05 22:00:00', b'0', (FLOOR(1 + RAND() * 100)), 1, 1),
(NULL, '2013-02-05 22:00:00', '2013-02-05 22:00:00', 12, SUBSTRING(MD5(RAND()) FROM 1 FOR 6), '2013-02-05 22:00:00', (FLOOR(1 + RAND() * 60)), SUBSTRING(MD5(RAND()) FROM 1 FOR 6), 12, SUBSTRING(MD5(RAND()) FROM 1 FOR 6), '2013-02-05 22:00:00', b'0', (FLOOR(1 + RAND() * 100)), 1, 1),
(NULL, '2013-02-05 22:00:00', '2013-02-05 22:00:00', 12, SUBSTRING(MD5(RAND()) FROM 1 FOR 6), '2013-02-05 22:00:00', (FLOOR(1 + RAND() * 60)), SUBSTRING(MD5(RAND()) FROM 1 FOR 6), 12, SUBSTRING(MD5(RAND()) FROM 1 FOR 6), '2013-02-05 22:00:00', b'0', (FLOOR(1 + RAND() * 100)), 1, 1),
(NULL, '2013-02-05 22:00:00', '2013-02-05 22:00:00', 12, SUBSTRING(MD5(RAND()) FROM 1 FOR 6), '2013-02-05 22:00:00', (FLOOR(1 + RAND() * 60)), SUBSTRING(MD5(RAND()) FROM 1 FOR 6), 12, SUBSTRING(MD5(RAND()) FROM 1 FOR 6), '2013-02-05 22:00:00', b'0', (FLOOR(1 + RAND() * 100)), 1, 1),
(NULL, '2013-02-05 22:00:00', '2013-02-05 22:00:00', 12, SUBSTRING(MD5(RAND()) FROM 1 FOR 6), '2013-02-05 22:00:00', (FLOOR(1 + RAND() * 60)), SUBSTRING(MD5(RAND()) FROM 1 FOR 6), 12, SUBSTRING(MD5(RAND()) FROM 1 FOR 6), '2013-02-05 22:00:00', b'0', (FLOOR(1 + RAND() * 100)), 1, 1),
(NULL, '2013-02-05 22:00:00', '2013-02-05 22:00:00', 12, SUBSTRING(MD5(RAND()) FROM 1 FOR 6), '2013-02-05 22:00:00', (FLOOR(1 + RAND() * 60)), SUBSTRING(MD5(RAND()) FROM 1 FOR 6), 12, SUBSTRING(MD5(RAND()) FROM 1 FOR 6), '2013-02-05 22:00:00', b'0', (FLOOR(1 + RAND() * 100)), 1, 1),
(NULL, '2013-02-05 22:00:00', '2013-02-05 22:00:00', 12, SUBSTRING(MD5(RAND()) FROM 1 FOR 6), '2013-02-05 22:00:00', (FLOOR(1 + RAND() * 60)), SUBSTRING(MD5(RAND()) FROM 1 FOR 6), 12, SUBSTRING(MD5(RAND()) FROM 1 FOR 6), '2013-02-05 22:00:00', b'0', (FLOOR(1 + RAND() * 100)), 1, 1),
(NULL, '2013-02-05 22:00:00', '2013-02-05 22:00:00', 12, SUBSTRING(MD5(RAND()) FROM 1 FOR 6), '2013-02-05 22:00:00', (FLOOR(1 + RAND() * 60)), SUBSTRING(MD5(RAND()) FROM 1 FOR 6), 12, SUBSTRING(MD5(RAND()) FROM 1 FOR 6), '2013-02-05 22:00:00', b'0', (FLOOR(1 + RAND() * 100)), 1, 1),
(NULL, '2013-02-05 22:00:00', '2013-02-05 22:00:00', 12, SUBSTRING(MD5(RAND()) FROM 1 FOR 6), '2013-02-05 22:00:00', (FLOOR(1 + RAND() * 60)), SUBSTRING(MD5(RAND()) FROM 1 FOR 6), 12, SUBSTRING(MD5(RAND()) FROM 1 FOR 6), '2013-02-05 22:00:00', b'0', (FLOOR(1 + RAND() * 100)), 1, 1),
(NULL, '2013-02-05 22:00:00', '2013-02-05 22:00:00', 12, SUBSTRING(MD5(RAND()) FROM 1 FOR 6), '2013-02-05 22:00:00', (FLOOR(1 + RAND() * 60)), SUBSTRING(MD5(RAND()) FROM 1 FOR 6), 12, SUBSTRING(MD5(RAND()) FROM 1 FOR 6), '2013-02-05 22:00:00', b'0', (FLOOR(1 + RAND() * 100)), 1, 1),
(NULL, '2013-02-05 22:00:00', '2013-02-05 22:00:00', 12, SUBSTRING(MD5(RAND()) FROM 1 FOR 6), '2013-02-05 22:00:00', (FLOOR(1 + RAND() * 60)), SUBSTRING(MD5(RAND()) FROM 1 FOR 6), 12, SUBSTRING(MD5(RAND()) FROM 1 FOR 6), '2013-02-05 22:00:00', b'0', (FLOOR(1 + RAND() * 100)), 1, 1),
(NULL, '2013-02-05 22:00:00', '2013-02-05 22:00:00', 12, SUBSTRING(MD5(RAND()) FROM 1 FOR 6), '2013-02-05 22:00:00', (FLOOR(1 + RAND() * 60)), SUBSTRING(MD5(RAND()) FROM 1 FOR 6), 12, SUBSTRING(MD5(RAND()) FROM 1 FOR 6), '2013-02-05 22:00:00', b'0', (FLOOR(1 + RAND() * 100)), 1, 1),
(NULL, '2013-02-05 22:00:00', '2013-02-05 22:00:00', 12, SUBSTRING(MD5(RAND()) FROM 1 FOR 6), '2013-02-05 22:00:00', (FLOOR(1 + RAND() * 60)), SUBSTRING(MD5(RAND()) FROM 1 FOR 6), 12, SUBSTRING(MD5(RAND()) FROM 1 FOR 6), '2013-02-05 22:00:00', b'0', (FLOOR(1 + RAND() * 100)), 1, 1),
(NULL, '2013-02-05 22:00:00', '2013-02-05 22:00:00', 12, SUBSTRING(MD5(RAND()) FROM 1 FOR 6), '2013-02-05 22:00:00', (FLOOR(1 + RAND() * 60)), SUBSTRING(MD5(RAND()) FROM 1 FOR 6), 12, SUBSTRING(MD5(RAND()) FROM 1 FOR 6), '2013-02-05 22:00:00', b'0', (FLOOR(1 + RAND() * 100)), 1, 1),
(NULL, '2013-02-05 22:00:00', '2013-02-05 22:00:00', 12, SUBSTRING(MD5(RAND()) FROM 1 FOR 6), '2013-02-05 22:00:00', (FLOOR(1 + RAND() * 60)), SUBSTRING(MD5(RAND()) FROM 1 FOR 6), 12, SUBSTRING(MD5(RAND()) FROM 1 FOR 6), '2013-02-05 22:00:00', b'0', (FLOOR(1 + RAND() * 100)), 1, 1),
(NULL, '2013-02-05 22:00:00', '2013-02-05 22:00:00', 12, SUBSTRING(MD5(RAND()) FROM 1 FOR 6), '2013-02-05 22:00:00', (FLOOR(1 + RAND() * 60)), SUBSTRING(MD5(RAND()) FROM 1 FOR 6), 12, SUBSTRING(MD5(RAND()) FROM 1 FOR 6), '2013-02-05 22:00:00', b'0', (FLOOR(1 + RAND() * 100)), 1, 1),
(NULL, '2013-02-05 22:00:00', '2013-02-05 22:00:00', 12, SUBSTRING(MD5(RAND()) FROM 1 FOR 6), '2013-02-05 22:00:00', (FLOOR(1 + RAND() * 60)), SUBSTRING(MD5(RAND()) FROM 1 FOR 6), 12, SUBSTRING(MD5(RAND()) FROM 1 FOR 6), '2013-02-05 22:00:00', b'0', (FLOOR(1 + RAND() * 100)), 1, 1),
(NULL, '2013-02-05 22:00:00', '2013-02-05 22:00:00', 12, SUBSTRING(MD5(RAND()) FROM 1 FOR 6), '2013-02-05 22:00:00', (FLOOR(1 + RAND() * 60)), SUBSTRING(MD5(RAND()) FROM 1 FOR 6), 12, SUBSTRING(MD5(RAND()) FROM 1 FOR 6), '2013-02-05 22:00:00', b'0', (FLOOR(1 + RAND() * 100)), 1, 1),
(NULL, '2013-02-05 22:00:00', '2013-02-05 22:00:00', 12, SUBSTRING(MD5(RAND()) FROM 1 FOR 6), '2013-02-05 22:00:00', (FLOOR(1 + RAND() * 60)), SUBSTRING(MD5(RAND()) FROM 1 FOR 6), 12, SUBSTRING(MD5(RAND()) FROM 1 FOR 6), '2013-02-05 22:00:00', b'0', (FLOOR(1 + RAND() * 100)), 1, 1),
(NULL, '2013-02-05 22:00:00', '2013-02-05 22:00:00', 12, SUBSTRING(MD5(RAND()) FROM 1 FOR 6), '2013-02-05 22:00:00', (FLOOR(1 + RAND() * 60)), SUBSTRING(MD5(RAND()) FROM 1 FOR 6), 12, SUBSTRING(MD5(RAND()) FROM 1 FOR 6), '2013-02-05 22:00:00', b'0', (FLOOR(1 + RAND() * 100)), 1, 1),
(NULL, '2013-02-05 22:00:00', '2013-02-05 22:00:00', 12, SUBSTRING(MD5(RAND()) FROM 1 FOR 6), '2013-02-05 22:00:00', (FLOOR(1 + RAND() * 60)), SUBSTRING(MD5(RAND()) FROM 1 FOR 6), 12, SUBSTRING(MD5(RAND()) FROM 1 FOR 6), '2013-02-05 22:00:00', b'0', (FLOOR(1 + RAND() * 100)), 1, 1);

INSERT INTO `uatf` (`id`, `createdAt`, `updatedAt`, `city`, `code`, `company`, `county`, `forwarding_id`) VALUES
(NULL, '2013-02-05 22:00:00', '2013-02-05 22:00:00', 'İl', (FLOOR(1 + RAND() * 100000)), 'Firma', 'İlçe', (FLOOR(1 + RAND() * 60))),
(NULL, '2013-02-05 22:00:00', '2013-02-05 22:00:00', 'İl', (FLOOR(1 + RAND() * 100000)), 'Firma', 'İlçe', (FLOOR(1 + RAND() * 60))),
(NULL, '2013-02-05 22:00:00', '2013-02-05 22:00:00', 'İl', (FLOOR(1 + RAND() * 100000)), 'Firma', 'İlçe', (FLOOR(1 + RAND() * 60))),
(NULL, '2013-02-05 22:00:00', '2013-02-05 22:00:00', 'İl', (FLOOR(1 + RAND() * 100000)), 'Firma', 'İlçe', (FLOOR(1 + RAND() * 60))),
(NULL, '2013-02-05 22:00:00', '2013-02-05 22:00:00', 'İl', (FLOOR(1 + RAND() * 100000)), 'Firma', 'İlçe', (FLOOR(1 + RAND() * 60))),
(NULL, '2013-02-05 22:00:00', '2013-02-05 22:00:00', 'İl', (FLOOR(1 + RAND() * 100000)), 'Firma', 'İlçe', (FLOOR(1 + RAND() * 60))),
(NULL, '2013-02-05 22:00:00', '2013-02-05 22:00:00', 'İl', (FLOOR(1 + RAND() * 100000)), 'Firma', 'İlçe', (FLOOR(1 + RAND() * 60))),
(NULL, '2013-02-05 22:00:00', '2013-02-05 22:00:00', 'İl', (FLOOR(1 + RAND() * 100000)), 'Firma', 'İlçe', (FLOOR(1 + RAND() * 60))),
(NULL, '2013-02-05 22:00:00', '2013-02-05 22:00:00', 'İl', (FLOOR(1 + RAND() * 100000)), 'Firma', 'İlçe', (FLOOR(1 + RAND() * 60))),
(NULL, '2013-02-05 22:00:00', '2013-02-05 22:00:00', 'İl', (FLOOR(1 + RAND() * 100000)), 'Firma', 'İlçe', (FLOOR(1 + RAND() * 60))),
(NULL, '2013-02-05 22:00:00', '2013-02-05 22:00:00', 'İl', (FLOOR(1 + RAND() * 100000)), 'Firma', 'İlçe', (FLOOR(1 + RAND() * 60))),
(NULL, '2013-02-05 22:00:00', '2013-02-05 22:00:00', 'İl', (FLOOR(1 + RAND() * 100000)), 'Firma', 'İlçe', (FLOOR(1 + RAND() * 60))),
(NULL, '2013-02-05 22:00:00', '2013-02-05 22:00:00', 'İl', (FLOOR(1 + RAND() * 100000)), 'Firma', 'İlçe', (FLOOR(1 + RAND() * 60))),
(NULL, '2013-02-05 22:00:00', '2013-02-05 22:00:00', 'İl', (FLOOR(1 + RAND() * 100000)), 'Firma', 'İlçe', (FLOOR(1 + RAND() * 60))),
(NULL, '2013-02-05 22:00:00', '2013-02-05 22:00:00', 'İl', (FLOOR(1 + RAND() * 100000)), 'Firma', 'İlçe', (FLOOR(1 + RAND() * 60))),
(NULL, '2013-02-05 22:00:00', '2013-02-05 22:00:00', 'İl', (FLOOR(1 + RAND() * 100000)), 'Firma', 'İlçe', (FLOOR(1 + RAND() * 60))),
(NULL, '2013-02-05 22:00:00', '2013-02-05 22:00:00', 'İl', (FLOOR(1 + RAND() * 100000)), 'Firma', 'İlçe', (FLOOR(1 + RAND() * 60))),
(NULL, '2013-02-05 22:00:00', '2013-02-05 22:00:00', 'İl', (FLOOR(1 + RAND() * 100000)), 'Firma', 'İlçe', (FLOOR(1 + RAND() * 60))),
(NULL, '2013-02-05 22:00:00', '2013-02-05 22:00:00', 'İl', (FLOOR(1 + RAND() * 100000)), 'Firma', 'İlçe', (FLOOR(1 + RAND() * 60))),
(NULL, '2013-02-05 22:00:00', '2013-02-05 22:00:00', 'İl', (FLOOR(1 + RAND() * 100000)), 'Firma', 'İlçe', (FLOOR(1 + RAND() * 60))),
(NULL, '2013-02-05 22:00:00', '2013-02-05 22:00:00', 'İl', (FLOOR(1 + RAND() * 100000)), 'Firma', 'İlçe', (FLOOR(1 + RAND() * 60))),
(NULL, '2013-02-05 22:00:00', '2013-02-05 22:00:00', 'İl', (FLOOR(1 + RAND() * 100000)), 'Firma', 'İlçe', (FLOOR(1 + RAND() * 60))),
(NULL, '2013-02-05 22:00:00', '2013-02-05 22:00:00', 'İl', (FLOOR(1 + RAND() * 100000)), 'Firma', 'İlçe', (FLOOR(1 + RAND() * 60))),
(NULL, '2013-02-05 22:00:00', '2013-02-05 22:00:00', 'İl', (FLOOR(1 + RAND() * 100000)), 'Firma', 'İlçe', (FLOOR(1 + RAND() * 60))),
(NULL, '2013-02-05 22:00:00', '2013-02-05 22:00:00', 'İl', (FLOOR(1 + RAND() * 100000)), 'Firma', 'İlçe', (FLOOR(1 + RAND() * 60))),
(NULL, '2013-02-05 22:00:00', '2013-02-05 22:00:00', 'İl', (FLOOR(1 + RAND() * 100000)), 'Firma', 'İlçe', (FLOOR(1 + RAND() * 60))),
(NULL, '2013-02-05 22:00:00', '2013-02-05 22:00:00', 'İl', (FLOOR(1 + RAND() * 100000)), 'Firma', 'İlçe', (FLOOR(1 + RAND() * 60))),
(NULL, '2013-02-05 22:00:00', '2013-02-05 22:00:00', 'İl', (FLOOR(1 + RAND() * 100000)), 'Firma', 'İlçe', (FLOOR(1 + RAND() * 60))),
(NULL, '2013-02-05 22:00:00', '2013-02-05 22:00:00', 'İl', (FLOOR(1 + RAND() * 100000)), 'Firma', 'İlçe', (FLOOR(1 + RAND() * 60))),
(NULL, '2013-02-05 22:00:00', '2013-02-05 22:00:00', 'İl', (FLOOR(1 + RAND() * 100000)), 'Firma', 'İlçe', (FLOOR(1 + RAND() * 60))),
(NULL, '2013-02-05 22:00:00', '2013-02-05 22:00:00', 'İl', (FLOOR(1 + RAND() * 100000)), 'Firma', 'İlçe', (FLOOR(1 + RAND() * 60))),
(NULL, '2013-02-05 22:00:00', '2013-02-05 22:00:00', 'İl', (FLOOR(1 + RAND() * 100000)), 'Firma', 'İlçe', (FLOOR(1 + RAND() * 60))),
(NULL, '2013-02-05 22:00:00', '2013-02-05 22:00:00', 'İl', (FLOOR(1 + RAND() * 100000)), 'Firma', 'İlçe', (FLOOR(1 + RAND() * 60))),
(NULL, '2013-02-05 22:00:00', '2013-02-05 22:00:00', 'İl', (FLOOR(1 + RAND() * 100000)), 'Firma', 'İlçe', (FLOOR(1 + RAND() * 60))),
(NULL, '2013-02-05 22:00:00', '2013-02-05 22:00:00', 'İl', (FLOOR(1 + RAND() * 100000)), 'Firma', 'İlçe', (FLOOR(1 + RAND() * 60))),
(NULL, '2013-02-05 22:00:00', '2013-02-05 22:00:00', 'İl', (FLOOR(1 + RAND() * 100000)), 'Firma', 'İlçe', (FLOOR(1 + RAND() * 60))),
(NULL, '2013-02-05 22:00:00', '2013-02-05 22:00:00', 'İl', (FLOOR(1 + RAND() * 100000)), 'Firma', 'İlçe', (FLOOR(1 + RAND() * 60))),
(NULL, '2013-02-05 22:00:00', '2013-02-05 22:00:00', 'İl', (FLOOR(1 + RAND() * 100000)), 'Firma', 'İlçe', (FLOOR(1 + RAND() * 60))),
(NULL, '2013-02-05 22:00:00', '2013-02-05 22:00:00', 'İl', (FLOOR(1 + RAND() * 100000)), 'Firma', 'İlçe', (FLOOR(1 + RAND() * 60))),
(NULL, '2013-02-05 22:00:00', '2013-02-05 22:00:00', 'İl', (FLOOR(1 + RAND() * 100000)), 'Firma', 'İlçe', (FLOOR(1 + RAND() * 60))),
(NULL, '2013-02-05 22:00:00', '2013-02-05 22:00:00', 'İl', (FLOOR(1 + RAND() * 100000)), 'Firma', 'İlçe', (FLOOR(1 + RAND() * 60))),
(NULL, '2013-02-05 22:00:00', '2013-02-05 22:00:00', 'İl', (FLOOR(1 + RAND() * 100000)), 'Firma', 'İlçe', (FLOOR(1 + RAND() * 60))),
(NULL, '2013-02-05 22:00:00', '2013-02-05 22:00:00', 'İl', (FLOOR(1 + RAND() * 100000)), 'Firma', 'İlçe', (FLOOR(1 + RAND() * 60))),
(NULL, '2013-02-05 22:00:00', '2013-02-05 22:00:00', 'İl', (FLOOR(1 + RAND() * 100000)), 'Firma', 'İlçe', (FLOOR(1 + RAND() * 60))),
(NULL, '2013-02-05 22:00:00', '2013-02-05 22:00:00', 'İl', (FLOOR(1 + RAND() * 100000)), 'Firma', 'İlçe', (FLOOR(1 + RAND() * 60))),
(NULL, '2013-02-05 22:00:00', '2013-02-05 22:00:00', 'İl', (FLOOR(1 + RAND() * 100000)), 'Firma', 'İlçe', (FLOOR(1 + RAND() * 60))),
(NULL, '2013-02-05 22:00:00', '2013-02-05 22:00:00', 'İl', (FLOOR(1 + RAND() * 100000)), 'Firma', 'İlçe', (FLOOR(1 + RAND() * 60))),
(NULL, '2013-02-05 22:00:00', '2013-02-05 22:00:00', 'İl', (FLOOR(1 + RAND() * 100000)), 'Firma', 'İlçe', (FLOOR(1 + RAND() * 60))),
(NULL, '2013-02-05 22:00:00', '2013-02-05 22:00:00', 'İl', (FLOOR(1 + RAND() * 100000)), 'Firma', 'İlçe', (FLOOR(1 + RAND() * 60))),
(NULL, '2013-02-05 22:00:00', '2013-02-05 22:00:00', 'İl', (FLOOR(1 + RAND() * 100000)), 'Firma', 'İlçe', (FLOOR(1 + RAND() * 60))),
(NULL, '2013-02-05 22:00:00', '2013-02-05 22:00:00', 'İl', (FLOOR(1 + RAND() * 100000)), 'Firma', 'İlçe', (FLOOR(1 + RAND() * 60))),
(NULL, '2013-02-05 22:00:00', '2013-02-05 22:00:00', 'İl', (FLOOR(1 + RAND() * 100000)), 'Firma', 'İlçe', (FLOOR(1 + RAND() * 60))),
(NULL, '2013-02-05 22:00:00', '2013-02-05 22:00:00', 'İl', (FLOOR(1 + RAND() * 100000)), 'Firma', 'İlçe', (FLOOR(1 + RAND() * 60))),
(NULL, '2013-02-05 22:00:00', '2013-02-05 22:00:00', 'İl', (FLOOR(1 + RAND() * 100000)), 'Firma', 'İlçe', (FLOOR(1 + RAND() * 60))),
(NULL, '2013-02-05 22:00:00', '2013-02-05 22:00:00', 'İl', (FLOOR(1 + RAND() * 100000)), 'Firma', 'İlçe', (FLOOR(1 + RAND() * 60))),
(NULL, '2013-02-05 22:00:00', '2013-02-05 22:00:00', 'İl', (FLOOR(1 + RAND() * 100000)), 'Firma', 'İlçe', (FLOOR(1 + RAND() * 60))),
(NULL, '2013-02-05 22:00:00', '2013-02-05 22:00:00', 'İl', (FLOOR(1 + RAND() * 100000)), 'Firma', 'İlçe', (FLOOR(1 + RAND() * 60))),
(NULL, '2013-02-05 22:00:00', '2013-02-05 22:00:00', 'İl', (FLOOR(1 + RAND() * 100000)), 'Firma', 'İlçe', (FLOOR(1 + RAND() * 60))),
(NULL, '2013-02-05 22:00:00', '2013-02-05 22:00:00', 'İl', (FLOOR(1 + RAND() * 100000)), 'Firma', 'İlçe', (FLOOR(1 + RAND() * 60))),
(NULL, '2013-02-05 22:00:00', '2013-02-05 22:00:00', 'İl', (FLOOR(1 + RAND() * 100000)), 'Firma', 'İlçe', (FLOOR(1 + RAND() * 60))),
(NULL, '2013-02-05 22:00:00', '2013-02-05 22:00:00', 'İl', (FLOOR(1 + RAND() * 100000)), 'Firma', 'İlçe', (FLOOR(1 + RAND() * 60))),
(NULL, '2013-02-05 22:00:00', '2013-02-05 22:00:00', 'İl', (FLOOR(1 + RAND() * 100000)), 'Firma', 'İlçe', (FLOOR(1 + RAND() * 60))),
(NULL, '2013-02-05 22:00:00', '2013-02-05 22:00:00', 'İl', (FLOOR(1 + RAND() * 100000)), 'Firma', 'İlçe', (FLOOR(1 + RAND() * 60))),
(NULL, '2013-02-05 22:00:00', '2013-02-05 22:00:00', 'İl', (FLOOR(1 + RAND() * 100000)), 'Firma', 'İlçe', (FLOOR(1 + RAND() * 60))),
(NULL, '2013-02-05 22:00:00', '2013-02-05 22:00:00', 'İl', (FLOOR(1 + RAND() * 100000)), 'Firma', 'İlçe', (FLOOR(1 + RAND() * 60))),
(NULL, '2013-02-05 22:00:00', '2013-02-05 22:00:00', 'İl', (FLOOR(1 + RAND() * 100000)), 'Firma', 'İlçe', (FLOOR(1 + RAND() * 60))),
(NULL, '2013-02-05 22:00:00', '2013-02-05 22:00:00', 'İl', (FLOOR(1 + RAND() * 100000)), 'Firma', 'İlçe', (FLOOR(1 + RAND() * 60))),
(NULL, '2013-02-05 22:00:00', '2013-02-05 22:00:00', 'İl', (FLOOR(1 + RAND() * 100000)), 'Firma', 'İlçe', (FLOOR(1 + RAND() * 60))),
(NULL, '2013-02-05 22:00:00', '2013-02-05 22:00:00', 'İl', (FLOOR(1 + RAND() * 100000)), 'Firma', 'İlçe', (FLOOR(1 + RAND() * 60))),
(NULL, '2013-02-05 22:00:00', '2013-02-05 22:00:00', 'İl', (FLOOR(1 + RAND() * 100000)), 'Firma', 'İlçe', (FLOOR(1 + RAND() * 60))),
(NULL, '2013-02-05 22:00:00', '2013-02-05 22:00:00', 'İl', (FLOOR(1 + RAND() * 100000)), 'Firma', 'İlçe', (FLOOR(1 + RAND() * 60))),
(NULL, '2013-02-05 22:00:00', '2013-02-05 22:00:00', 'İl', (FLOOR(1 + RAND() * 100000)), 'Firma', 'İlçe', (FLOOR(1 + RAND() * 60))),
(NULL, '2013-02-05 22:00:00', '2013-02-05 22:00:00', 'İl', (FLOOR(1 + RAND() * 100000)), 'Firma', 'İlçe', (FLOOR(1 + RAND() * 60))),
(NULL, '2013-02-05 22:00:00', '2013-02-05 22:00:00', 'İl', (FLOOR(1 + RAND() * 100000)), 'Firma', 'İlçe', (FLOOR(1 + RAND() * 60))),
(NULL, '2013-02-05 22:00:00', '2013-02-05 22:00:00', 'İl', (FLOOR(1 + RAND() * 100000)), 'Firma', 'İlçe', (FLOOR(1 + RAND() * 60))),
(NULL, '2013-02-05 22:00:00', '2013-02-05 22:00:00', 'İl', (FLOOR(1 + RAND() * 100000)), 'Firma', 'İlçe', (FLOOR(1 + RAND() * 60))),
(NULL, '2013-02-05 22:00:00', '2013-02-05 22:00:00', 'İl', (FLOOR(1 + RAND() * 100000)), 'Firma', 'İlçe', (FLOOR(1 + RAND() * 60))),
(NULL, '2013-02-05 22:00:00', '2013-02-05 22:00:00', 'İl', (FLOOR(1 + RAND() * 100000)), 'Firma', 'İlçe', (FLOOR(1 + RAND() * 60))),
(NULL, '2013-02-05 22:00:00', '2013-02-05 22:00:00', 'İl', (FLOOR(1 + RAND() * 100000)), 'Firma', 'İlçe', (FLOOR(1 + RAND() * 60))),
(NULL, '2013-02-05 22:00:00', '2013-02-05 22:00:00', 'İl', (FLOOR(1 + RAND() * 100000)), 'Firma', 'İlçe', (FLOOR(1 + RAND() * 60))),
(NULL, '2013-02-05 22:00:00', '2013-02-05 22:00:00', 'İl', (FLOOR(1 + RAND() * 100000)), 'Firma', 'İlçe', (FLOOR(1 + RAND() * 60))),
(NULL, '2013-02-05 22:00:00', '2013-02-05 22:00:00', 'İl', (FLOOR(1 + RAND() * 100000)), 'Firma', 'İlçe', (FLOOR(1 + RAND() * 60))),
(NULL, '2013-02-05 22:00:00', '2013-02-05 22:00:00', 'İl', (FLOOR(1 + RAND() * 100000)), 'Firma', 'İlçe', (FLOOR(1 + RAND() * 60))),
(NULL, '2013-02-05 22:00:00', '2013-02-05 22:00:00', 'İl', (FLOOR(1 + RAND() * 100000)), 'Firma', 'İlçe', (FLOOR(1 + RAND() * 60))),
(NULL, '2013-02-05 22:00:00', '2013-02-05 22:00:00', 'İl', (FLOOR(1 + RAND() * 100000)), 'Firma', 'İlçe', (FLOOR(1 + RAND() * 60))),
(NULL, '2013-02-05 22:00:00', '2013-02-05 22:00:00', 'İl', (FLOOR(1 + RAND() * 100000)), 'Firma', 'İlçe', (FLOOR(1 + RAND() * 60))),
(NULL, '2013-02-05 22:00:00', '2013-02-05 22:00:00', 'İl', (FLOOR(1 + RAND() * 100000)), 'Firma', 'İlçe', (FLOOR(1 + RAND() * 60))),
(NULL, '2013-02-05 22:00:00', '2013-02-05 22:00:00', 'İl', (FLOOR(1 + RAND() * 100000)), 'Firma', 'İlçe', (FLOOR(1 + RAND() * 60))),
(NULL, '2013-02-05 22:00:00', '2013-02-05 22:00:00', 'İl', (FLOOR(1 + RAND() * 100000)), 'Firma', 'İlçe', (FLOOR(1 + RAND() * 60))),
(NULL, '2013-02-05 22:00:00', '2013-02-05 22:00:00', 'İl', (FLOOR(1 + RAND() * 100000)), 'Firma', 'İlçe', (FLOOR(1 + RAND() * 60)));
